element,well_id,core_id,setion_id,depth_cm,z_m,r1_ppm,r3_ppm,av_ex,st_dev_ex
Pb,1,1,1,2.73,184.864,24.749,1.363,13.056,16.537
Pb,1,1,2,16.36,184.727,9.601,9.249,9.425,0.249
Pb,1,1,3,30,184.591,4.617,5.123,4.87,0.358
Pb,1,2,4,39.31,184.498,3.665,3.706,3.685,0.029
Pb,1,2,5,49.66,184.394,3,1.57,2.285,1.011
Pb,1,2,6,60,184.291,2.247,1.301,1.774,0.669
Pb,1,3,8,75,184.141,7.217,8.794,8.006,1.115
Pb,1,3,9,90,183.991,10.714,10.589,10.652,0.088
Pb,1,4,10,100,183.891,6.17,7.076,6.623,0.64
Pb,1,4,11,110,183.791,4.221,4.178,4.199,0.031
Pb,1,4,12,120,183.691,5.08,6.761,5.92,1.189
Pb,2,1,1,0,184.807,44.809,3.508,24.158,29.205
Pb,2,1,2,15,184.657,24.384,10.09,17.237,10.107
Pb,2,2,4,40,184.407,7.032,5.582,6.307,1.026
Pb,2,2,5,50,184.307,4.779,,4.779,
Pb,2,2,6,60,184.207,2.824,3.631,3.227,0.571
Pb,2,3,7,70,184.107,3.348,2.105,2.726,0.879
Pb,2,3,8,80,184.007,4.273,2.873,3.573,0.989
Pb,2,3,9,90,183.907,9.069,6.754,7.911,1.636
Pb,2,4,10,100,183.807,5.341,7.642,6.491,1.627
Pb,2,4,11,110,183.707,4.815,7.152,5.984,1.652
Pb,2,4,12,120,183.607,3.574,4.799,4.187,0.866
Pb,3,1,2,14.21,184.728,26.709,23.816,25.263,2.046
Pb,3,1,3,30,184.57,12.679,,12.679,
Pb,3,2,5,45,184.42,6.534,7.507,7.021,0.689
Pb,3,2,6,60,184.27,6.249,8.383,7.316,1.509
Pb,3,3,8,75,184.12,6.292,8.417,7.355,1.502
Pb,3,3,9,90,183.97,5.473,8.092,6.782,1.852
Pb,3,4,10,100,183.87,6.304,16.829,11.567,7.442
Pb,3,4,11,110,183.77,6.161,9.796,7.978,2.57
Pb,3,4,12,120,183.67,6.834,6.728,6.781,0.075
Pb,4,1,2,14.21,184.609,44.52,49.176,46.848,3.293
Pb,4,1,3,30,184.451,6.606,18.811,12.708,8.63
Pb,4,2,5,41.25,184.339,10.289,13.858,12.073,2.523
Pb,4,2,6,60,184.151,4.89,6.022,5.456,0.8
Pb,4,3,8,75.71,183.994,4.568,8.315,6.441,2.65
Pb,4,3,9,90,183.851,13.066,13.597,13.332,0.375
Pb,4,4,10,100,183.751,9.491,8.321,8.906,0.827
Pb,4,4,11,110,183.651,3.968,5.605,4.786,1.157
Pb,4,4,12,120,183.551,3.095,4.933,4.014,1.3
Pb,5,1,1,5,184.752,38.091,42.42,40.256,3.061
Pb,5,1,2,17.5,184.627,26.623,30.077,28.35,2.443
Pb,5,1,3,30,184.502,9.025,8.536,8.78,0.345
Pb,5,2,4,36.92,184.433,6.02,6.824,6.422,0.568
Pb,5,2,5,48.46,184.317,5.244,5.903,5.574,0.465
Pb,5,2,6,60,184.202,18.509,18.616,18.563,0.076
Pb,5,3,7,66,184.142,5.022,18.616,11.819,9.613
Pb,5,3,8,78,184.022,5.203,10.594,7.898,3.812
Pb,5,3,9,90,183.902,5.529,7.436,6.482,1.348
Pb,5,4,10,98.57,183.816,6.577,7.196,6.886,0.438
Pb,5,4,11,109.29,183.709,6.611,8.733,7.672,1.501
Pb,5,4,12,120,183.602,5.72,20.124,12.922,10.186
Pb,6,1,1,8.57,185.017,25.061,,25.061,
Pb,6,1,2,19.29,184.91,24.101,26.164,25.133,1.458
Pb,6,1,3,30,184.803,7.607,,7.607,
Pb,6,2,4,37.78,184.725,4.343,6.106,5.225,1.247
Pb,6,2,5,48.89,184.614,3.785,5.094,4.44,0.925
Pb,6,2,6,60,184.503,3.61,6.262,4.936,1.875
Pb,6,3,8,75.71,184.346,4.429,5.297,4.863,0.613
Pb,6,3,9,90,184.203,5.21,6.812,6.011,1.133
Pb,6,4,10,97.78,184.125,8.376,8.598,8.487,0.157
Pb,6,4,11,108.89,184.014,5.99,10.192,8.091,2.971
Pb,6,4,12,120,183.903,4.616,6.835,5.725,1.569
Pb,7,1,1,7.78,185.93,48.254,54.625,51.44,4.505
Pb,7,1,2,18.89,185.819,13.946,27.99,20.968,9.931
Pb,7,1,3,30,185.708,6.334,0.541,3.438,4.096
Pb,7,2,4,40,185.608,9.629,3.06,6.344,4.645
Pb,7,2,5,50,185.508,6.899,1.691,4.295,3.683
Pb,7,2,6,60,185.408,3.833,3.399,3.616,0.307
Pb,7,3,8,75.71,185.251,7.133,8.165,7.649,0.73
Pb,7,3,9,90,185.108,4.838,6.144,5.491,0.924
Pb,7,4,10,96,185.048,3.566,2.626,3.096,0.665
Pb,7,4,11,108,184.928,3.238,1.531,2.385,1.207
Pb,7,4,12,120,184.808,4.676,1.799,3.237,2.034
Pb,8,1,1,5,186.514,45.996,,45.996,
Pb,8,1,2,17.5,186.389,24.172,49.806,36.989,18.126
Pb,8,1,3,30,186.264,3.166,4.119,3.642,0.674
Pb,8,2,4,36.92,186.195,13.66,13.347,13.504,0.221
Pb,8,2,5,48.46,186.079,2.315,2.475,2.395,0.113
Pb,8,2,6,60,185.964,1.357,2.837,2.097,1.046
Pb,8,3,7,70,185.864,8.491,11.114,9.803,1.855
Pb,8,3,8,80,185.764,1.663,2.876,2.27,0.858
Pb,8,3,9,90,185.664,1.932,15.892,8.912,9.871
Pb,8,4,10,100,185.564,9.913,2.995,6.454,4.892
Pb,8,4,11,110,185.464,2.16,3.507,2.833,0.952
Pb,8,4,12,120,185.364,2.774,,2.774,
Pb,9,1,1,6,185.498,106.227,12.899,59.563,65.993
Pb,9,1,2,18,185.378,5.353,3.591,4.472,1.246
Pb,9,1,3,30,185.258,2.1,8.246,5.173,4.346
Pb,9,2,4,37.78,185.18,4.117,1.631,2.874,1.757
Pb,9,2,5,48.89,185.069,0.891,1.486,1.189,0.421
Pb,9,2,6,60,184.958,0.804,2.677,1.741,1.324
Pb,9,3,7,68.57,184.872,2.472,3.046,2.759,0.406
Pb,9,3,8,79.29,184.765,0.976,3.185,2.081,1.562
Pb,9,3,9,90,184.658,2.294,8.15,5.222,4.141
Pb,9,4,10,98.57,184.572,6.368,7.186,6.777,0.578
Pb,9,4,11,109.29,184.465,6.44,,6.44,
Pb,9,4,12,120,184.358,7.673,32.211,19.942,17.351
Pb,10,1,1,10,185.057,30.625,17.683,24.154,9.152
Pb,10,1,2,20,184.957,11.233,6.027,8.63,3.681
Pb,10,1,3,30,184.857,9.208,10.861,10.035,1.169
Pb,10,2,4,36.92,184.788,5.151,9.056,7.103,2.762
Pb,10,2,5,48.46,184.672,6.073,8.085,7.079,1.423
Pb,10,2,6,60,184.557,44.445,2.595,23.52,29.593
Pb,10,3,7,66.92,184.488,4.861,6.178,5.52,0.931
Pb,10,3,8,78.46,184.372,3.735,6.789,5.262,2.159
Pb,10,3,9,90,184.257,3.636,,3.636,
Pb,10,4,10 (NRx1),95,184.207,3.949,7.563,5.756,2.555
Pb,10,4,11,107.5,184.082,0.281,10.172,5.227,6.994
Pb,10,4,12,120,183.957,8.438,,8.438,
Cu,1,1,1,2.73,184.864,12.935,1.071,7.003,8.389
Cu,1,1,2,16.36,184.727,9.871,7.652,8.761,1.569
Cu,1,1,3,30,184.591,8.891,8.727,8.809,0.116
Cu,1,2,4,39.31,184.498,5.453,6.025,5.739,0.405
Cu,1,2,5,49.66,184.394,4.525,3.455,3.99,0.756
Cu,1,2,6,60,184.291,2.218,6.195,4.206,2.812
Cu,1,3,8,75,184.141,15.687,18.121,16.904,1.721
Cu,1,3,9,90,183.991,25.416,24.822,25.119,0.42
Cu,1,4,10,100,183.891,11.556,11.679,11.617,0.087
Cu,1,4,11,110,183.791,6.851,10.998,8.925,2.932
Cu,1,4,12,120,183.691,6.756,12.161,9.459,3.822
Cu,2,1,1 (2 Samples),0,184.807,22.919,2.195,12.557,14.654
Cu,2,1,2,15,184.657,19.592,11.29,15.441,5.871
Cu,2,2,4,40,184.407,18.193,15.347,16.77,2.012
Cu,2,2,5,50,184.307,13.185,,13.185,
Cu,2,2,6,60,184.207,4.186,5.187,4.686,0.707
Cu,2,3,7,70,184.107,5.058,3.943,4.5,0.788
Cu,2,3,8,80,184.007,9.493,5.389,7.441,2.903
Cu,2,3,9,90,183.907,26.334,17.675,22.004,6.123
Cu,2,4,10,100,183.807,10.854,18.758,14.806,5.589
Cu,2,4,11,110,183.707,9.648,15.231,12.439,3.948
Cu,2,4,12,120,183.607,6.991,10.698,8.844,2.621
Cu,3,1,2,14.21,184.728,16.927,19.483,18.205,1.807
Cu,3,1,Missing,30,184.57,13.761,,13.761,
Cu,3,2,5,45,184.42,9.457,14.598,12.028,3.636
Cu,3,2,6,60,184.27,11.7,14.171,12.935,1.748
Cu,3,3,8,75,184.12,11.418,19.352,15.385,5.611
Cu,3,3,9,90,183.97,11.277,17.792,14.535,4.607
Cu,3,4,10,100,183.87,16.31,22.312,19.311,4.244
Cu,3,4,11,110,183.77,16.526,22.498,19.512,4.223
Cu,3,4,12,120,183.67,14.116,16.619,15.368,1.77
Cu,4,1,2,14.21,184.609,20.743,27.041,23.892,4.453
Cu,4,1,3,30,184.451,10.724,15.506,13.115,3.381
Cu,4,2,5,41.25,184.339,11.069,18.547,14.808,5.288
Cu,4,2,6,60,184.151,4.795,9.907,7.351,3.614
Cu,4,3,8,75.71,183.994,6.126,11.761,8.943,3.985
Cu,4,3,9,90,183.851,41.81,52.553,47.182,7.597
Cu,4,4,10,100,183.751,19.062,20.119,19.59,0.748
Cu,4,4,11,110,183.651,12.097,13.167,12.632,0.756
Cu,4,4,12,120,183.551,8.059,10.583,9.321,1.785
Cu,5,1,1,5,184.752,22.793,23.085,22.939,0.206
Cu,5,1,2,17.5,184.627,13.367,16.214,14.79,2.013
Cu,5,1,3,30,184.502,8.975,14.635,11.805,4.002
Cu,5,2,4,36.92,184.433,9.817,12.338,11.077,1.782
Cu,5,2,5,48.46,184.317,8.473,6.53,7.502,1.374
Cu,5,2,6,60,184.202,13.533,34.309,23.921,14.691
Cu,5,3,7,66,184.142,8.696,34.309,21.502,18.111
Cu,5,3,8,78,184.022,8.697,15.488,12.093,4.802
Cu,5,3,9,90,183.902,11.179,15.562,13.37,3.1
Cu,5,4,10,98.57,183.816,13.816,13.732,13.774,0.059
Cu,5,4,11,109.29,183.709,18.082,22.24,20.161,2.94
Cu,5,4,12,120,183.602,11.675,16.239,13.957,3.227
Cu,6,1,1,8.57,185.017,12.398,,12.398,
Cu,6,1,2,19.29,184.91,13.249,14.445,13.847,0.846
Cu,6,1,3,30,184.803,14.779,,14.779,
Cu,6,2,4,37.78,184.725,4.902,9.777,7.339,3.447
Cu,6,2,5,48.89,184.614,4.566,6.99,5.778,1.714
Cu,6,2,6,60,184.503,4.165,8.748,6.456,3.241
Cu,6,3,8,75.71,184.346,6.651,10.245,8.448,2.541
Cu,6,3,9,90,184.203,8.927,13.503,11.215,3.236
Cu,6,4,10,97.78,184.125,14.387,12.525,13.456,1.316
Cu,6,4,11,108.89,184.014,12.571,18.877,15.724,4.459
Cu,6,4,12,120,183.903,10.764,14.945,12.855,2.956
Cu,7,1,1,7.78,185.93,14.903,19.079,16.991,2.953
Cu,7,1,2,18.89,185.819,7.96,15.886,11.923,5.604
Cu,7,1,3,30,185.708,5.444,1.557,3.5,2.749
Cu,7,2,4,40,185.608,4.173,2.088,3.13,1.475
Cu,7,2,5,50,185.508,3.469,1.019,2.244,1.733
Cu,7,2,6,60,185.408,1.83,2.816,2.323,0.697
Cu,7,3,8,75.71,185.251,4.502,4.541,4.521,0.028
Cu,7,3,9,90,185.108,4.151,6.517,5.334,1.673
Cu,7,4,10,96,185.048,4.597,4.938,4.767,0.241
Cu,7,4,11,108,184.928,3.834,3.17,3.502,0.47
Cu,7,4,12,120,184.808,8.398,3.422,5.91,3.518
Cu,8,1,1 (NRx2),5,186.514,10.771,,10.771,
Cu,8,1,2,17.5,186.389,7.903,12.677,10.29,3.375
Cu,8,1,3,30,186.264,1.769,1.892,1.83,0.087
Cu,8,2,4,36.92,186.195,5.139,4.404,4.771,0.52
Cu,8,2,5,48.46,186.079,1.235,3.845,2.54,1.846
Cu,8,2,6,60,185.964,0.933,1.04,0.987,0.076
Cu,8,3,7,70,185.864,2.819,3.471,3.145,0.461
Cu,8,3,8,80,185.764,0.694,1.444,1.069,0.53
Cu,8,3,9,90,185.664,0.668,5.019,2.844,3.077
Cu,8,4,10,100,185.564,2.511,1.541,2.026,0.686
Cu,8,4,11,110,185.464,0.293,2.993,1.643,1.909
Cu,8,4,12,120,185.364,1.014,,1.014,
Cu,9,1,1 (NRx2),6,185.498,23.727,10.005,16.866,9.703
Cu,9,1,2,18,185.378,8.048,3.515,5.781,3.206
Cu,9,1,3,30,185.258,2.303,4.159,3.231,1.312
Cu,9,2,4,37.78,185.18,2.013,1.962,1.988,0.036
Cu,9,2,5,48.89,185.069,0.959,2.229,1.594,0.898
Cu,9,2,6,60,184.958,1.021,2.331,1.676,0.926
Cu,9,3,7,68.57,184.872,1.68,3.605,2.642,1.361
Cu,9,3,8,79.29,184.765,1.04,2.213,1.626,0.83
Cu,9,3,9,90,184.658,25.516,10.963,18.239,10.29
Cu,9,4,10,98.57,184.572,5.229,18.235,11.732,9.196
Cu,9,4,11,109.29,184.465,15.804,,15.804,
Cu,9,4,12,120,184.358,18.994,18.445,18.72,0.389
Cu,10,1,1,10,185.057,23.455,13.597,18.526,6.971
Cu,10,1,2,20,184.957,7.509,15.321,11.415,5.523
Cu,10,1,3,30,184.857,10.599,15.455,13.027,3.434
Cu,10,2,4,36.92,184.788,6.202,12.499,9.35,4.452
Cu,10,2,5,48.46,184.672,6.739,10.305,8.522,2.522
Cu,10,2,6,60,184.557,13.358,5.661,9.51,5.443
Cu,10,3,7,66.92,184.488,5.199,11.491,8.345,4.449
Cu,10,3,8,78.46,184.372,7.456,13.069,10.262,3.969
Cu,10,3,9,90,184.257,5.957,,5.957,
Cu,10,4,10 (NRx1),95,184.207,8.302,18.014,13.158,6.868
Cu,10,4,11,107.5,184.082,0.37,23.219,11.794,16.157
Cu,10,4,12,120,183.957,18.406,2.108,10.257,11.524
Fe,1,1,1,2.73,184.864,2341.02,654.657,1497.839,1192.439
Fe,1,1,2,16.36,184.727,2095.295,2988.81,2542.052,631.811
Fe,1,1,3,30,184.591,1513.311,3184.292,2348.802,1181.562
Fe,1,2,4,39.31,184.498,1735.524,4720.875,3228.2,2110.962
Fe,1,2,5,49.66,184.394,1791.792,3224.729,2508.261,1013.239
Fe,1,2,6,60,184.291,2240.721,4094.235,3167.478,1310.632
Fe,1,3,8,75,184.141,3417.195,6978.963,5198.079,2518.55
Fe,1,3,9,90,183.991,6269.399,9745.896,8007.648,2458.254
Fe,1,4,10,100,183.891,4352.933,8111.909,6232.421,2657.998
Fe,1,4,11,110,183.791,4055.947,4502.006,4278.976,315.412
Fe,1,4,12,120,183.691,4785.938,10053.515,7419.726,3724.739
Fe,2,1,1 (2 Samples),0,184.807,3498.487,1149.283,2323.885,1661.138
Fe,2,1,2,15,184.657,3996.375,4644.62,4320.497,458.378
Fe,2,2,4,40,184.407,1868.985,3053.795,2461.39,837.787
Fe,2,2,5,50,184.307,1697.632,,1697.632,
Fe,2,2,6,60,184.207,1686.621,7677.426,4682.024,4236.139
Fe,2,3,7,70,184.107,3454.837,8105.462,5780.15,3288.488
Fe,2,3,8,80,184.007,2784.238,6343.511,4563.875,2516.786
Fe,2,3,9,90,183.907,2308.445,4161.616,3235.031,1310.39
Fe,2,4,10,100,183.807,2312.62,6875.498,4594.059,3226.442
Fe,2,4,11,110,183.707,3681.908,8313.884,5997.896,3275.302
Fe,2,4,12,120,183.607,3643.771,7526.304,5585.037,2745.366
Fe,3,1,2,14.21,184.728,2999.668,4402.687,3701.178,992.085
Fe,3,1,Missing,30,184.57,2825.83,,2825.83,
Fe,3,2,5,45,184.42,1452.361,2758.011,2105.186,923.234
Fe,3,2,6,60,184.27,2106.812,3868.407,2987.61,1245.636
Fe,3,3,8,75,184.12,2505.909,4203.241,3354.575,1200.195
Fe,3,3,9,90,183.97,1793.837,2942.721,2368.279,812.384
Fe,3,4,10,100,183.87,1210.933,2922.344,2066.639,1210.15
Fe,3,4,11,110,183.77,1105.547,3017.565,2061.556,1352.001
Fe,3,4,12,120,183.67,1497.267,3469.865,2483.566,1394.837
Fe,4,1,2,14.21,184.609,3706.764,4427.394,4067.079,509.563
Fe,4,1,3,30,184.451,1750.317,4576.108,3163.213,1998.136
Fe,4,2,5,41.25,184.339,1977.678,4630.371,3304.024,1875.737
Fe,4,2,6,60,184.151,2527.486,5952.69,4240.088,2421.985
Fe,4,3,8,75.71,183.994,3792.375,13995.759,8894.067,7214.882
Fe,4,3,9,90,183.851,2473.933,7401.446,4937.69,3484.278
Fe,4,4,10,100,183.751,3582.813,9515.963,6549.388,4195.371
Fe,4,4,11,110,183.651,2358.92,6282.047,4320.483,2774.069
Fe,4,4,12,120,183.551,2521.49,5361.726,3941.608,2008.35
Fe,5,1,1,5,184.752,3736.095,3105.286,3420.691,446.049
Fe,5,1,2,17.5,184.627,2096.821,3427.788,2762.305,941.136
Fe,5,1,3,30,184.502,1444.847,2639.603,2042.225,844.82
Fe,5,2,4,36.92,184.433,1293.542,2818.527,2056.035,1078.327
Fe,5,2,5,48.46,184.317,1916.946,2977.022,2446.984,749.587
Fe,5,2,6,60,184.202,3430.991,3248.093,3339.542,129.329
Fe,5,3,7,66,184.142,1681.587,3248.093,2464.84,1107.687
Fe,5,3,8,78,184.022,3188.924,7140.962,5164.943,2794.513
Fe,5,3,9,90,183.902,1842.87,4924.933,3383.901,2179.348
Fe,5,4,10,98.57,183.816,1179.508,2647.705,1913.606,1038.172
Fe,5,4,11,109.29,183.709,1087.411,3284.332,2185.871,1553.458
Fe,5,4,12,120,183.602,1340.731,3520.473,2430.602,1541.31
Fe,6,1,1,8.57,185.017,2104.244,,2104.244,
Fe,6,1,2,19.29,184.91,2136.729,3553.088,2844.909,1001.517
Fe,6,1,3,30,184.803,1246.893,,1246.893,
Fe,6,2,4,37.78,184.725,1314.212,3337.237,2325.724,1430.495
Fe,6,2,5,48.89,184.614,874.05,2475.768,1674.909,1132.586
Fe,6,2,6,60,184.503,869.592,2900.963,1885.278,1436.396
Fe,6,3,8,75.71,184.346,963.7,3229.814,2096.757,1602.384
Fe,6,3,9,90,184.203,1062.467,3162.605,2112.536,1485.022
Fe,6,4,10,97.78,184.125,2147.47,3274.586,2711.028,796.991
Fe,6,4,11,108.89,184.014,1374.944,4051.349,2713.147,1892.504
Fe,6,4,12,120,183.903,2002.024,5827.477,3914.75,2705.004
Fe,7,1,1,7.78,185.93,3529.329,4884.552,4206.94,958.288
Fe,7,1,2,18.89,185.819,3117.438,6541.11,4829.274,2420.902
Fe,7,1,3,30,185.708,2787.393,1164.948,1976.171,1147.242
Fe,7,2,4,40,185.608,1710.425,1198.582,1454.503,361.928
Fe,7,2,5,50,185.508,1291.376,984.205,1137.79,217.203
Fe,7,2,6,60,185.408,1139.926,3124.839,2132.382,1403.546
Fe,7,3,8,75.71,185.251,1355.661,4454.037,2904.849,2190.882
Fe,7,3,9,90,185.108,1249.218,5755.781,3502.5,3186.621
Fe,7,4,10,96,185.048,761.4,3038.679,1900.04,1610.28
Fe,7,4,11,108,184.928,893.332,892.088,892.71,0.879
Fe,7,4,12,120,184.808,985.398,1484.531,1234.965,352.941
Fe,8,1,1 (NRx2),5,186.514,2042.943,,2042.943,
Fe,8,1,2,17.5,186.389,1919.961,3627.217,2773.589,1207.212
Fe,8,1,3,30,186.264,2114.555,3282.824,2698.689,826.091
Fe,8,2,4,36.92,186.195,1923.732,2857.515,2390.624,660.284
Fe,8,2,5,48.46,186.079,1808.589,3015.672,2412.131,853.537
Fe,8,2,6,60,185.964,1238.17,3016.678,2127.424,1257.594
Fe,8,3,7,70,185.864,1386.629,2728.462,2057.545,948.819
Fe,8,3,8,80,185.764,1297.922,3285.352,2291.637,1405.325
Fe,8,3,9,90,185.664,1459.388,,1459.388,
Fe,8,4,10,100,185.564,1638.137,3801.525,2719.831,1529.746
Fe,8,4,11,110,185.464,1418.074,3444.461,2431.267,1432.872
Fe,8,4,12,120,185.364,1019.949,3129.508,2074.728,1491.684
Fe,9,1,1 (NRx2),6,185.498,2756.754,,2756.754,
Fe,9,1,2,18,185.378,683.614,3526.694,2105.154,2010.361
Fe,9,1,3,30,185.258,607.909,942.256,775.082,236.419
Fe,9,2,4,37.78,185.18,251.57,517.71,384.64,188.189
Fe,9,2,5,48.89,185.069,107.408,325.207,216.307,154.007
Fe,9,2,6,60,184.958,90.201,640.114,365.157,388.847
Fe,9,3,7,68.57,184.872,182.174,718.937,450.555,379.549
Fe,9,3,8,79.29,184.765,98.577,993.552,546.064,632.842
Fe,9,3,9,90,184.658,474.958,2735.859,1605.408,1598.699
Fe,9,4,10,98.57,184.572,903.224,2206.995,1555.109,921.905
Fe,9,4,11,109.29,184.465,666.749,1735.601,1201.175,755.793
Fe,9,4,12,120,184.358,1586.378,,1586.378,
Fe,10,1,1,10,185.057,2539.403,5065.761,3802.582,1786.404
Fe,10,1,2,20,184.957,1304.497,5515.605,3410.051,2977.703
Fe,10,1,3,30,184.857,1766.889,4615.636,3191.263,2014.369
Fe,10,2,4,36.92,184.788,888.483,6248.783,3568.633,3790.304
Fe,10,2,5,48.46,184.672,857.022,5526.517,3191.77,3301.832
Fe,10,2,6,60,184.557,3010.059,5912.933,4461.496,2052.642
Fe,10,3,7,66.92,184.488,708.875,2627.923,1668.399,1356.972
Fe,10,3,8,78.46,184.372,954.784,6195.633,3575.209,3705.84
Fe,10,3,9,90,184.257,1200.002,6209.605,3704.803,3542.324
Fe,10,4,10 (NRx1),95,184.207,1287.971,,1287.971,
Fe,10,4,11,107.5,184.082,79.612,5235.684,2657.648,3645.893
Fe,10,4,12,120,183.957,1056.022,4939.726,2997.874,2746.193
Zn,1,1,1,2.73,184.864,64.093,54.252,59.173,6.959
Zn,1,1,2,16.36,184.727,23.334,36.889,30.112,9.585
Zn,1,1,3,30,184.591,12.076,16.781,14.429,3.327
Zn,1,2,4,39.31,184.498,10.258,15.468,12.863,3.684
Zn,1,2,5,49.66,184.394,13.717,138.955,76.336,88.557
Zn,1,2,6,60,184.291,14.947,26.797,20.872,8.379
Zn,1,3,8,75,184.141,33.223,56.692,44.957,16.595
Zn,1,3,9,90,183.991,68.849,79.718,74.283,7.686
Zn,1,4,10,100,183.891,27.361,43.05,35.205,11.094
Zn,1,4,11,110,183.791,17.827,32.221,25.024,10.178
Zn,1,4,12,120,183.691,17.514,35.436,26.475,12.673
Zn,2,1,1,0,184.807,75.367,81.153,78.26,4.091
Zn,2,1,2,15,184.657,64.96,67.444,66.202,1.756
Zn,2,2,4,40,184.407,30.029,35.383,32.706,3.786
Zn,2,2,5,50,184.307,23.2,,23.2,
Zn,2,2,6,60,184.207,21.727,33.602,27.664,8.397
Zn,2,3,7,70,184.107,23.061,36.293,29.677,9.356
Zn,2,3,8,80,184.007,26.791,42.839,34.815,11.347
Zn,2,3,9,90,183.907,27.495,38.773,33.134,7.975
Zn,2,4,10,100,183.807,27.842,43.794,35.818,11.279
Zn,2,4,11,110,183.707,19.859,39.673,29.766,14.01
Zn,2,4,12,120,183.607,15.16,28.864,22.012,9.69
Zn,3,1,2,14.21,184.728,44.321,65.785,55.053,15.178
Zn,3,1,Missing,30,184.57,33.165,,33.165,
Zn,3,2,5,45,184.42,17.459,25.046,21.252,5.364
Zn,3,2,6,60,184.27,24.203,28.242,26.222,2.856
Zn,3,3,8,75,184.12,24.98,35.252,30.116,7.264
Zn,3,3,9,90,183.97,26.168,45.057,35.612,13.356
Zn,3,4,10,100,183.87,27.44,47.781,37.611,14.384
Zn,3,4,11,110,183.77,27.493,39.985,33.739,8.833
Zn,3,4,12,120,183.67,89.208,32.603,60.906,40.026
Zn,4,1,2,14.21,184.609,64.216,218.76,141.488,109.279
Zn,4,1,3,30,184.451,22.441,59.099,40.77,25.921
Zn,4,2,5,41.25,184.339,24.748,49.069,36.909,17.198
Zn,4,2,6,60,184.151,36.188,34.42,35.304,1.25
Zn,4,3,8,75.71,183.994,23.625,47.3,35.462,16.74
Zn,4,3,9,90,183.851,28.626,79.596,54.111,36.041
Zn,4,4,10,100,183.751,39.919,67.199,53.559,19.29
Zn,4,4,11,110,183.651,24.45,41.799,33.124,12.268
Zn,4,4,12,120,183.551,19.527,34.111,26.819,10.313
Zn,5,1,1,5,184.752,128.444,69.959,99.201,41.355
Zn,5,1,2,17.5,184.627,36.441,41.287,38.864,3.427
Zn,5,1,3,30,184.502,16.698,55.385,36.041,27.356
Zn,5,2,4,36.92,184.433,10.417,18.587,14.502,5.777
Zn,5,2,5,48.46,184.317,11.471,18.279,14.875,4.814
Zn,5,2,6,60,184.202,39.209,32.372,35.79,4.835
Zn,5,3,7,66,184.142,11.26,32.372,21.816,14.928
Zn,5,3,8,78,184.022,25.655,44.846,35.251,13.571
Zn,5,3,9,90,183.902,25.171,36.864,31.017,8.269
Zn,5,4,10,98.57,183.816,25.579,29.528,27.554,2.792
Zn,5,4,11,109.29,183.709,25.882,36.292,31.087,7.361
Zn,5,4,12,120,183.602,18.039,31.303,24.671,9.379
Zn,6,1,1,8.57,185.017,21.694,,21.694,
Zn,6,1,2,19.29,184.91,20.232,25.503,22.867,3.727
Zn,6,1,3,30,184.803,8.703,,8.703,
Zn,6,2,4,37.78,184.725,6.817,11.202,9.009,3.1
Zn,6,2,5,48.89,184.614,7,11.688,9.344,3.315
Zn,6,2,6,60,184.503,6.613,17.079,11.846,7.4
Zn,6,3,8,75.71,184.346,12.534,22.597,17.566,7.116
Zn,6,3,9,90,184.203,13.469,24.544,19.006,7.831
Zn,6,4,10,97.78,184.125,27.124,26.784,26.954,0.24
Zn,6,4,11,108.89,184.014,20.15,32.515,26.332,8.744
Zn,6,4,12,120,183.903,33.841,36.611,35.226,1.958
Zn,7,1,1,7.78,185.93,39.639,109.959,74.799,49.724
Zn,7,1,2,18.89,185.819,13.644,37.498,25.571,16.868
Zn,7,1,3,30,185.708,9.002,16.526,12.764,5.321
Zn,7,2,4,40,185.608,10.687,16.912,13.8,4.402
Zn,7,2,5,50,185.508,9.216,12.752,10.984,2.5
Zn,7,2,6,60,185.408,6.186,17.106,11.646,7.721
Zn,7,3,8,75.71,185.251,10.502,21.025,15.763,7.441
Zn,7,3,9,90,185.108,10.702,23.35,17.026,8.943
Zn,7,4,10,96,185.048,8.24,20.957,14.598,8.992
Zn,7,4,11,108,184.928,9.423,15.12,12.271,4.028
Zn,7,4,12,120,184.808,11.344,17.703,14.523,4.497
Zn,8,1,1 (NRx2),5,186.514,44.034,,44.034,
Zn,8,1,2,17.5,186.389,20.377,47.224,33.8,18.984
Zn,8,1,3,30,186.264,6.818,11.639,9.228,3.409
Zn,8,2,4,36.92,186.195,14.201,14.373,14.287,0.122
Zn,8,2,5,48.46,186.079,4.205,234.74,119.473,163.013
Zn,8,2,6,60,185.964,3.658,10.625,7.142,4.927
Zn,8,3,7,70,185.864,7.786,15.679,11.732,5.581
Zn,8,3,8,80,185.764,2.236,8.282,5.259,4.275
Zn,8,3,9,90,185.664,3.771,,3.771,
Zn,8,4,10,100,185.564,7.26,18.683,12.972,8.077
Zn,8,4,11,110,185.464,1.665,7.055,4.36,3.811
Zn,8,4,12,120,185.364,2.153,8.613,5.383,4.568
Zn,9,1,1 (NRx2),6,185.498,149.344,,149.344,
Zn,9,1,2,18,185.378,43.145,16.386,29.766,18.921
Zn,9,1,3,30,185.258,3.441,5.021,4.231,1.118
Zn,9,2,4,37.78,185.18,4.302,8.304,6.303,2.83
Zn,9,2,5,48.89,185.069,1.139,3.975,2.557,2.006
Zn,9,2,6,60,184.958,1.405,6.253,3.829,3.428
Zn,9,3,7,68.57,184.872,3.608,5.718,4.663,1.492
Zn,9,3,8,79.29,184.765,2.02,7.439,4.73,3.832
Zn,9,3,9,90,184.658,628.552,6.576,317.564,439.804
Zn,9,4,10,98.57,184.572,5.442,13.572,9.507,5.748
Zn,9,4,11,109.29,184.465,10.208,22.206,16.207,8.484
Zn,9,4,12,120,184.358,38.448,,38.448,
Zn,10,1,1,10,185.057,32.456,64.236,48.346,22.472
Zn,10,1,2,20,184.957,14.928,35.988,25.458,14.892
Zn,10,1,3,30,184.857,12.891,275.232,144.061,185.503
Zn,10,2,4,36.92,184.788,10.099,112.508,61.304,72.414
Zn,10,2,5,48.46,184.672,12.362,35.1,23.731,16.078
Zn,10,2,6,60,184.557,82.815,42.91,62.863,28.217
Zn,10,3,7,66.92,184.488,13.259,26.44,19.85,9.32
Zn,10,3,8,78.46,184.372,72.106,37.45,54.778,24.506
Zn,10,3,9,90,184.257,19.196,49.679,34.438,21.555
Zn,10,4,10 (NRx1),95,184.207,20.642,,20.642,
Zn,10,4,11,107.5,184.082,1.367,43.753,22.56,29.971
Zn,10,4,12,120,183.957,24.75,50.281,37.516,18.053
Ca,1,1,1,2.73,184.864,,307.061,307.061,
Ca,1,1,2,16.36,184.727,,299.339,299.339,
Ca,1,1,3,30,184.591,1920.951,266.077,1093.514,1170.17255
Ca,1,2,4,39.31,184.498,1694.76,228.648,961.704,1036.697584
Ca,1,2,5,49.66,184.394,1506.843,220.772,863.808,909.3894572
Ca,1,2,6,60,184.291,,193.974,193.974,
Ca,1,3,8,75,184.141,,382.961,382.961,
Ca,1,3,9,90,183.991,,503.933,503.933,
Ca,1,4,10,100,183.891,,2091.943,2091.943,
Ca,1,4,11,110,183.791,,2357.742,2357.742,
Ca,1,4,12,120,183.691,,3898.543,3898.543,
Ca,2,1,1 (2 Samples),0,184.807,,402.648,402.648,
Ca,2,1,2,15,184.657,,498.567,498.567,
Ca,2,2,4,40,184.407,,395.274,395.274,
Ca,2,2,5,50,184.307,,,,
Ca,2,2,6,60,184.207,1607.235,228.841,918.038,974.6716781
Ca,2,3,7,70,184.107,1677.296,263.488,970.392,999.7136907
Ca,2,3,8,80,184.007,1863.806,321.226,1092.516,1090.768798
Ca,2,3,9,90,183.907,,250.035,250.035,
Ca,2,4,10,100,183.807,,637.89,637.89,
Ca,2,4,11,110,183.707,,2575.013,2575.013,
Ca,2,4,12,120,183.607,,2901.309,2901.309,
Ca,3,1,2,14.21,184.728,1900.134,253.385,1076.76,1164.427761
Ca,3,1,Missing,30,184.57,,,,
Ca,3,2,5,45,184.42,,283.501,283.501,
Ca,3,2,6,60,184.27,,343.981,343.981,
Ca,3,3,8,75,184.12,,298.359,298.359,
Ca,3,3,9,90,183.97,1121.821,173.528,647.675,670.5444031
Ca,3,4,10,100,183.87,1754.743,208.311,981.527,1093.493052
Ca,3,4,11,110,183.77,2026.634,436.938,1231.786,1124.084921
Ca,3,4,12,120,183.67,,1304.558,1304.558,
Ca,4,1,2,14.21,184.609,,387.519,387.519,
Ca,4,1,3,30,184.451,,389.909,389.909,
Ca,4,2,5,41.25,184.339,,466.875,466.875,
Ca,4,2,6,60,184.151,1855.367,357.902,1106.634,1058.86759
Ca,4,3,8,75.71,183.994,,591.855,591.855,
Ca,4,3,9,90,183.851,,604.441,604.441,
Ca,4,4,10,100,183.751,,1090.788,1090.788,
Ca,4,4,11,110,183.651,,3892.155,3892.155,
Ca,4,4,12,120,183.551,,3097.566,3097.566,
Ca,5,1,1,5,184.752,,339.16,339.16,
Ca,5,1,2,17.5,184.627,2199.686,297.912,1248.799,1344.756986
Ca,5,1,3,30,184.502,1836.849,244.971,1040.91,1125.6278
Ca,5,2,4,36.92,184.433,1695.616,239.576,967.596,1029.576287
Ca,5,2,5,48.46,184.317,1405.773,173.496,789.635,871.3517676
Ca,5,2,6,60,184.202,,185.588,185.588,
Ca,5,3,7,66,184.142,1420.448,185.588,803.018,873.177387
Ca,5,3,8,78,184.022,,2009.657,2009.657,
Ca,5,3,9,90,183.902,,1025.122,1025.122,
Ca,5,4,10,98.57,183.816,1723.843,335.134,1029.489,981.9656223
Ca,5,4,11,109.29,183.709,919.341,112.382,515.862,570.606393
Ca,5,4,12,120,183.602,1458.783,248.114,853.448,856.0721036
Ca,6,1,1,8.57,185.017,,,,
Ca,6,1,2,19.29,184.91,,300.927,300.927,
Ca,6,1,3,30,184.803,1680.425,,1680.425,
Ca,6,2,4,37.78,184.725,1436.706,189.819,813.262,881.6825209
Ca,6,2,5,48.89,184.614,1164.05,138.546,651.298,725.1409845
Ca,6,2,6,60,184.503,1100.776,151.522,626.149,671.2241028
Ca,6,3,8,75.71,184.346,1279.875,141.973,710.924,804.6182438
Ca,6,3,9,90,184.203,1215.734,159.719,687.726,746.7155224
Ca,6,4,10,97.78,184.125,1409.362,137.823,773.592,899.1139016
Ca,6,4,11,108.89,184.014,1309.422,231.405,770.414,762.2731719
Ca,6,4,12,120,183.903,1458.295,219.211,838.753,876.1645361
Ca,7,1,1,7.78,185.93,1159.402,147.391,653.396,715.5999538
Ca,7,1,2,18.89,185.819,462.16,90.288,276.224,262.9536947
Ca,7,1,3,30,185.708,285.532,36.53,161.031,176.0715327
Ca,7,2,4,40,185.608,335.412,32.027,183.719,214.5261998
Ca,7,2,5,50,185.508,237.505,22.398,129.951,152.1038589
Ca,7,2,6,60,185.408,284.378,37.398,160.888,174.6412538
Ca,7,3,8,75.71,185.251,633.68,75.854,354.767,394.4424436
Ca,7,3,9,90,185.108,861.592,112.395,486.993,529.761991
Ca,7,4,10,96,185.048,784.088,120.638,452.363,469.1301131
Ca,7,4,11,108,184.928,708.25,88.038,398.144,438.5559686
Ca,7,4,12,120,184.808,767.745,75.615,421.68,489.4100305
Ca,8,1,1 (NRx2),5,186.514,1701.737,,1701.737,
Ca,8,1,2,17.5,186.389,760.407,154.112,457.26,428.7159256
Ca,8,1,3,30,186.264,121.54,12.453,66.997,77.13632178
Ca,8,2,4,36.92,186.195,469.61,36.732,253.171,306.0907234
Ca,8,2,5,48.46,186.079,55.871,6.029,30.95,35.24338341
Ca,8,2,6,60,185.964,26.91,5.918,16.414,14.84360004
Ca,8,3,7,70,185.864,258.368,30.893,144.63,160.8488577
Ca,8,3,8,80,185.764,42.846,6.172,24.509,25.93244347
Ca,8,3,9,90,185.664,25.432,,25.432,
Ca,8,4,10,100,185.564,241.483,38.845,140.164,143.2864864
Ca,8,4,11,110,185.464,13.665,6.698,10.182,4.926354272
Ca,8,4,12,120,185.364,15.276,11.277,13.276,2.827467894
Ca,9,1,1 (NRx2),6,185.498,,,,
Ca,9,1,2,18,185.378,1274.134,57.986,666.06,859.9463164
Ca,9,1,3,30,185.258,120.633,18.422,69.528,72.27382054
Ca,9,2,4,37.78,185.18,160.469,28.91,94.689,93.02624633
Ca,9,2,5,48.89,185.069,53.398,9.244,31.321,31.22133201
Ca,9,2,6,60,184.958,117.174,16.818,66.996,70.96222531
Ca,9,3,7,68.57,184.872,193.14,16.564,104.852,124.8579075
Ca,9,3,8,79.29,184.765,70.073,16.083,43.078,38.17641512
Ca,9,3,9,90,184.658,102.736,5.828,54.282,68.52446234
Ca,9,4,10,98.57,184.572,276.442,35.984,156.213,170.0289389
Ca,9,4,11,109.29,184.465,682.634,90.311,386.473,418.8355557
Ca,9,4,12,120,184.358,1919.019,,1919.019,
Ca,10,1,1,10,185.057,,442.579,442.579,
Ca,10,1,2,20,184.957,1286.775,318.313,802.544,684.8065306
Ca,10,1,3,30,184.857,,252.609,252.609,
Ca,10,2,4,36.92,184.788,1395.542,284.889,840.216,785.3504019
Ca,10,2,5,48.46,184.672,1472.541,234.548,853.545,875.3930718
Ca,10,2,6,60,184.557,982.709,206.876,594.793,548.5969679
Ca,10,3,7,66.92,184.488,1203.488,122.286,662.887,764.525807
Ca,10,3,8,78.46,184.372,1114.1,191.273,652.687,652.5370698
Ca,10,3,9,90,184.257,,417.515,417.515,
Ca,10,4,10 (NRx1),95,184.207,,,,
Ca,10,4,11,107.5,184.082,584.765,1454.882,1019.824,615.2657066
Ca,10,4,12,120,183.957,,1172.373,1172.373,
K,1,1,1,2.73,184.864,341.292,203.628,272.46,97.343
K,1,1,2,16.36,184.727,168.685,173.112,170.899,3.13
K,1,1,3,30,184.591,149.415,138.542,143.978,7.688
K,1,2,4,39.31,184.498,150.536,132.924,141.73,12.454
K,1,2,5,49.66,184.394,157.73,129.7,143.715,19.82
K,1,2,6,60,184.291,141.517,123.137,132.327,12.996
K,1,3,8,75,184.141,327.447,366.258,346.853,27.444
K,1,3,9,90,183.991,865.98,897.07,881.525,21.984
K,1,4,10,100,183.891,521.448,524.622,523.035,2.244
K,1,4,11,110,183.791,395.681,436.386,416.034,28.783
K,1,4,12,120,183.691,477.886,528.099,502.993,35.506
K,2,1,1 (2 Samples),0,184.807,284.369,196.042,240.206,62.457
K,2,1,2,15,184.657,209.461,181.543,195.502,19.741
K,2,2,4,40,184.407,143.377,145.561,144.469,1.545
K,2,2,5,50,184.307,136.619,,136.619,
K,2,2,6,60,184.207,121.276,118.436,119.856,2.008
K,2,3,7,70,184.107,120.201,112.213,116.207,5.648
K,2,3,8,80,184.007,252.828,299.242,276.035,32.82
K,2,3,9,90,183.907,251.5,238.34,244.92,9.306
K,2,4,10,100,183.807,211.594,368.531,290.063,110.971
K,2,4,11,110,183.707,387.028,633.649,510.338,174.387
K,2,4,12,120,183.607,348.137,538.445,443.291,134.568
K,3,1,2,14.21,184.728,169.218,,169.218,
K,3,1,Missing,30,184.57,132.088,730.51,431.299,423.148
K,3,2,5,45,184.42,108.36,143.233,125.796,24.658
K,3,2,6,60,184.27,162.762,187.131,174.947,17.231
K,3,3,8,75,184.12,192.213,221.086,206.65,20.417
K,3,3,9,90,183.97,177.409,1099.61,638.51,652.095
K,3,4,10,100,183.87,168.752,189.718,179.235,14.825
K,3,4,11,110,183.77,180.366,232.152,206.259,36.619
K,3,4,12,120,183.67,225.011,282.903,253.957,40.936
K,4,1,2,14.21,184.609,167.349,210.12,188.734,30.244
K,4,1,3,30,184.451,66.88,122.607,94.744,39.405
K,4,2,5,41.25,184.339,93.842,207.003,150.423,80.017
K,4,2,6,60,184.151,128.94,215.022,171.981,60.87
K,4,3,8,75.71,183.994,307.964,522.85,415.407,151.947
K,4,3,9,90,183.851,328.671,458.342,393.506,91.691
K,4,4,10,100,183.751,563.394,1030.702,797.048,330.437
K,4,4,11,110,183.651,448.554,602.99,525.772,109.203
K,4,4,12,120,183.551,457.628,616.725,537.177,112.499
K,5,1,1,5,184.752,363.234,164.97,264.102,140.194
K,5,1,2,17.5,184.627,83.838,123.096,103.467,27.759
K,5,1,3,30,184.502,74.004,119.531,96.768,32.192
K,5,2,4,36.92,184.433,100.933,113.966,107.45,9.216
K,5,2,5,48.46,184.317,125.869,137.233,131.551,8.035
K,5,2,6,60,184.202,133.885,139.802,136.843,4.184
K,5,3,7,66,184.142,103.586,139.802,121.694,25.608
K,5,3,8,78,184.022,321.684,415.635,368.659,66.433
K,5,3,9,90,183.902,182.585,349.81,266.198,118.245
K,5,4,10,98.57,183.816,164.579,197.416,180.997,23.219
K,5,4,11,109.29,183.709,128.302,217.064,172.683,62.764
K,5,4,12,120,183.602,121.214,208.139,164.676,61.466
K,6,1,1,8.57,185.017,96.888,,96.888,
K,6,1,2,19.29,184.91,110.182,118.736,114.459,6.049
K,6,1,3,30,184.803,63.491,,63.491,
K,6,2,4,37.78,184.725,85.882,105.767,95.825,14.061
K,6,2,5,48.89,184.614,102.941,114.047,108.494,7.853
K,6,2,6,60,184.503,105.758,142.225,123.992,25.786
K,6,3,8,75.71,184.346,134.653,142.601,138.627,5.62
K,6,3,9,90,184.203,111.556,175.717,143.637,45.368
K,6,4,10,97.78,184.125,155.066,144.265,149.666,7.637
K,6,4,11,108.89,184.014,137.081,194.358,165.719,40.501
K,6,4,12,120,183.903,176.039,264.242,220.14,62.369
K,7,1,1,7.78,185.93,214.711,231.79,223.25,12.076
K,7,1,2,18.89,185.819,107.681,258.404,183.043,106.577
K,7,1,3,30,185.708,63.858,75.005,69.431,7.882
K,7,2,4,40,185.608,63.458,68.099,65.778,3.282
K,7,2,5,50,185.508,53.146,52.069,52.608,0.762
K,7,2,6,60,185.408,50.213,83.504,66.859,23.54
K,7,3,8,75.71,185.251,72.791,111.111,91.951,27.096
K,7,3,9,90,185.108,108.394,185.459,146.926,54.493
K,7,4,10,96,185.048,132.719,165.125,148.922,22.914
K,7,4,11,108,184.928,94.709,113.297,104.003,13.144
K,7,4,12,120,184.808,84.984,87.954,86.469,2.101
K,8,1,1 (NRx2),5,186.514,518.77,,518.77,
K,8,1,2,17.5,186.389,261.784,380.555,321.17,83.984
K,8,1,3,30,186.264,82.32,108.655,95.488,18.622
K,8,2,4,36.92,186.195,134.442,138.13,136.286,2.608
K,8,2,5,48.46,186.079,44.341,70.746,57.543,18.671
K,8,2,6,60,185.964,25.817,74.463,50.14,34.398
K,8,3,7,70,185.864,65.833,106.666,86.25,28.873
K,8,3,8,80,185.764,24.636,67.367,46.002,30.216
K,8,3,9,90,185.664,30.714,,30.714,
K,8,4,10,100,185.564,57.085,381.831,219.458,229.631
K,8,4,11,110,185.464,27.038,57.181,42.11,21.315
K,8,4,12,120,185.364,44.339,78.847,61.593,24.401
K,9,1,1 (NRx2),6,185.498,198.537,,198.537,
K,9,1,2,18,185.378,129.901,220.935,175.418,64.371
K,9,1,3,30,185.258,30.934,45.194,38.064,10.084
K,9,2,4,37.78,185.18,31.44,53.173,42.307,15.367
K,9,2,5,48.89,185.069,17.033,35.931,26.482,13.362
K,9,2,6,60,184.958,14.376,29.325,21.851,10.57
K,9,3,7,68.57,184.872,21.52,32.994,27.257,8.113
K,9,3,8,79.29,184.765,18.825,54.316,36.57,25.096
K,9,3,9,90,184.658,35.798,67.975,51.886,22.753
K,9,4,10,98.57,184.572,60.055,97.149,78.602,26.229
K,9,4,11,109.29,184.465,106.053,160.269,133.161,38.336
K,9,4,12,120,184.358,198.113,,198.113,
K,10,1,1,10,185.057,135.087,229.596,182.342,66.828
K,10,1,2,20,184.957,47.532,140.322,93.927,65.612
K,10,1,3,30,184.857,105.796,115.283,110.54,6.708
K,10,2,4,36.92,184.788,109.861,204.894,157.378,67.198
K,10,2,5,48.46,184.672,137.296,248.253,192.774,78.459
K,10,2,6,60,184.557,141.096,234.049,187.573,65.728
K,10,3,7,66.92,184.488,129.408,118.084,123.746,8.007
K,10,3,8,78.46,184.372,108.126,234.307,171.217,89.224
K,10,3,9,90,184.257,150.092,295.355,222.723,102.716
K,10,4,10 (NRx1),95,184.207,200.871,,200.871,
K,10,4,11,107.5,184.082,4.619,339.172,171.895,236.565
K,10,4,12,120,183.957,219.284,334.837,277.06,81.708
Mg,1,1,1,2.73,184.864,652.016,912.997,782.507,184.542
Mg,1,1,2,16.36,184.727,791.548,973.899,882.723,128.942
Mg,1,1,3,30,184.591,796.705,1020.884,908.794,158.518
Mg,1,2,4,39.31,184.498,810.093,1052.339,931.216,171.294
Mg,1,2,5,49.66,184.394,850.918,1204.549,1027.734,250.055
Mg,1,2,6,60,184.291,833.126,1211.42,1022.273,267.494
Mg,1,3,8,75,184.141,1517.607,2445.697,1981.652,656.259
Mg,1,3,9,90,183.991,2722.597,3065.303,2893.95,242.33
Mg,1,4,10,100,183.891,4268.215,,4268.215,
Mg,1,4,11,110,183.791,4101.744,,4101.744,
Mg,1,4,12,120,183.691,4436.305,,4436.305,
Mg,2,1,1 (2 Samples),0,184.807,873.113,1128.188,1000.65,180.366
Mg,2,1,2,15,184.657,998.774,1411.811,1205.293,292.062
Mg,2,2,4,40,184.407,948.035,1086.725,1017.38,98.069
Mg,2,2,5,50,184.307,763.464,,763.464,
Mg,2,2,6,60,184.207,779.376,1002.092,890.734,157.484
Mg,2,3,7,70,184.107,861.905,1220.706,1041.305,253.71
Mg,2,3,8,80,184.007,1221.267,1936.19,1578.728,505.527
Mg,2,3,9,90,183.907,1330.454,1519.808,1425.131,133.894
Mg,2,4,10,100,183.807,2471.618,2669.69,2570.654,140.058
Mg,2,4,11,110,183.707,,,,
Mg,2,4,12,120,183.607,3861.996,4158.65,4010.323,209.766
Mg,3,1,2,14.21,184.728,680.663,,680.663,
Mg,3,1,Missing,30,184.57,831.527,1314.89,1073.209,341.789
Mg,3,2,5,45,184.42,697.148,1042.15,869.649,243.953
Mg,3,2,6,60,184.27,1113.185,1388.422,1250.803,194.622
Mg,3,3,8,75,184.12,1202.664,1580.088,1391.376,266.879
Mg,3,3,9,90,183.97,981.339,1168.466,1074.903,132.318
Mg,3,4,10,100,183.87,1183.118,1471.406,1327.262,203.851
Mg,3,4,11,110,183.77,1371.698,2095.189,1733.443,511.585
Mg,3,4,12,120,183.67,2226.57,,2226.57,
Mg,4,1,2,14.21,184.609,804.203,994.536,899.37,134.585
Mg,4,1,3,30,184.451,609.355,1125.013,867.184,364.625
Mg,4,2,5,41.25,184.339,742.354,1625.895,1184.125,624.757
Mg,4,2,6,60,184.151,915.805,1660.028,1287.916,526.245
Mg,4,3,8,75.71,183.994,1519.817,2645.891,2082.854,796.254
Mg,4,3,9,90,183.851,1513.214,2361.845,1937.529,600.073
Mg,4,4,10,100,183.751,2082.27,,2082.27,
Mg,4,4,11,110,183.651,3811.767,,3811.767,
Mg,4,4,12,120,183.551,4362.675,,4362.675,
Mg,5,1,1,5,184.752,1009.442,731.368,870.405,196.628
Mg,5,1,2,17.5,184.627,579.005,767.251,673.128,133.11
Mg,5,1,3,30,184.502,528.852,863.926,696.389,236.933
Mg,5,2,4,36.92,184.433,633.7,972.18,802.94,239.341
Mg,5,2,5,48.46,184.317,733.972,1004.244,869.108,191.112
Mg,5,2,6,60,184.202,770.547,1044.41,907.479,193.651
Mg,5,3,7,66,184.142,648.717,1044.41,846.564,279.797
Mg,5,3,8,78,184.022,,5053.961,5053.961,
Mg,5,3,9,90,183.902,1274.127,3647.153,2460.64,1677.983
Mg,5,4,10,98.57,183.816,1094.748,1685.471,1390.11,417.704
Mg,5,4,11,109.29,183.709,533.236,1060.661,796.948,372.946
Mg,5,4,12,120,183.602,858.145,1552.147,1205.146,490.733
Mg,6,1,1,8.57,185.017,582.508,,582.508,
Mg,6,1,2,19.29,184.91,606.466,896.329,751.397,204.964
Mg,6,1,3,30,184.803,509.888,,509.888,
Mg,6,2,4,37.78,184.725,561.934,843.967,702.951,199.428
Mg,6,2,5,48.89,184.614,530.844,765.444,648.144,165.887
Mg,6,2,6,60,184.503,496.657,915.561,706.109,296.21
Mg,6,3,8,75.71,184.346,628.794,1035.739,832.266,287.754
Mg,6,3,9,90,184.203,565.687,1001.265,783.476,308
Mg,6,4,10,97.78,184.125,790.439,860.637,825.538,49.638
Mg,6,4,11,108.89,184.014,703.128,1310.166,1006.647,429.241
Mg,6,4,12,120,183.903,988.551,1458.717,1223.634,332.458
Mg,7,1,1,7.78,185.93,338.259,629.277,483.768,205.781
Mg,7,1,2,18.89,185.819,182.165,746.58,464.373,399.102
Mg,7,1,3,30,185.708,126.13,502.628,314.379,266.224
Mg,7,2,4,40,185.608,151.522,603.808,377.665,319.814
Mg,7,2,5,50,185.508,130.124,487.599,308.862,252.773
Mg,7,2,6,60,185.408,179.664,681.341,430.502,354.739
Mg,7,3,8,75.71,185.251,298.685,847.793,573.239,388.278
Mg,7,3,9,90,185.108,496.356,1194.16,845.258,493.421
Mg,7,4,10,96,185.048,394.874,1111.749,753.312,506.908
Mg,7,4,11,108,184.928,413.64,788.455,601.048,265.035
Mg,7,4,12,120,184.808,353.489,751.812,552.65,281.657
Mg,8,1,1 (NRx2),5,186.514,496.356,,496.356,
Mg,8,1,2,17.5,186.389,394.874,504.895,449.885,77.797
Mg,8,1,3,30,186.264,496.356,230.554,363.455,187.951
Mg,8,2,4,36.92,186.195,394.874,242.055,318.464,108.059
Mg,8,2,5,48.46,186.079,496.356,250.764,373.56,173.66
Mg,8,2,6,60,185.964,394.874,344.583,369.728,35.561
Mg,8,3,7,70,185.864,496.356,366.932,431.644,91.517
Mg,8,3,8,80,185.764,394.874,419.454,407.164,17.381
Mg,8,3,9,90,185.664,496.356,,496.356,
Mg,8,4,10,100,185.564,394.874,434.639,414.756,28.118
Mg,8,4,11,110,185.464,496.356,345.752,421.054,106.493
Mg,8,4,12,120,185.364,394.874,386.214,390.544,6.124
Mg,9,1,1 (NRx2),6,185.498,367.899,,367.899,
Mg,9,1,2,18,185.378,554.498,127.365,340.931,302.029
Mg,9,1,3,30,185.258,20.598,59.529,40.063,27.529
Mg,9,2,4,37.78,185.18,31.049,81.684,56.366,35.804
Mg,9,2,5,48.89,185.069,16.862,87.808,52.335,50.166
Mg,9,2,6,60,184.958,27.049,160.183,93.616,94.14
Mg,9,3,7,68.57,184.872,38.109,170.844,104.477,93.858
Mg,9,3,8,79.29,184.765,31.633,256.8,144.216,159.217
Mg,9,3,9,90,184.658,55.145,263.331,159.238,147.21
Mg,9,4,10,98.57,184.572,88.921,273.19,181.056,130.298
Mg,9,4,11,109.29,184.465,259.54,685.542,472.541,301.229
Mg,9,4,12,120,184.358,638.185,,638.185,
Mg,10,1,1,10,185.057,735.879,1266.722,1001.301,375.362
Mg,10,1,2,20,184.957,377.258,1260.12,818.689,624.278
Mg,10,1,3,30,184.857,711.071,1133.618,922.344,298.786
Mg,10,2,4,36.92,184.788,594.805,1653.184,1123.995,748.387
Mg,10,2,5,48.46,184.672,640.875,1505.083,1072.979,611.087
Mg,10,2,6,60,184.557,163.268,1556.473,859.87,985.145
Mg,10,3,7,66.92,184.488,534.062,1202.671,868.367,472.778
Mg,10,3,8,78.46,184.372,571.734,1484.258,1027.996,645.252
Mg,10,3,9,90,184.257,2152.731,2376.904,2264.817,158.514
Mg,10,4,10 (NRx1),95,184.207,3661.652,,3661.652,
Mg,10,4,11,107.5,184.082,336.034,,336.034,
Mg,10,4,12,120,183.957,2689.073,,2689.073,
P,1,1,1,2.73,184.864,291.344,6.419,148.882,201.472
P,1,1,2,16.36,184.727,154.09,96.443,125.267,40.762
P,1,1,3,30,184.591,119.786,88.598,104.192,22.053
P,1,2,4,39.31,184.498,88.49,65.748,77.119,16.081
P,1,2,5,49.66,184.394,118.614,11.988,65.301,75.396
P,1,2,6,60,184.291,141.201,11.947,76.574,91.396
P,1,3,8,75,184.141,228.458,134.625,181.542,66.35
P,1,3,9,90,183.991,307.317,204.438,255.877,72.747
P,1,4,10,100,183.891,367.747,197.333,282.54,120.5
P,1,4,11,110,183.791,289.833,32.826,161.33,181.731
P,1,4,12,120,183.691,301.092,219.746,260.419,57.521
P,2,1,1 (2 Samples),0,184.807,460.956,15.815,238.386,314.762
P,2,1,2,15,184.657,355.65,134.09,244.87,156.667
P,2,2,4,40,184.407,183.22,106.142,144.681,54.502
P,2,2,5,50,184.307,173.26,,173.26,
P,2,2,6,60,184.207,216.827,73.468,145.147,101.37
P,2,3,7,70,184.107,103.637,58.29,80.963,32.065
P,2,3,8,80,184.007,232.572,48.144,140.358,130.41
P,2,3,9,90,183.907,243.715,172.652,208.183,50.249
P,2,4,10,100,183.807,238.446,175.607,207.026,44.434
P,2,4,11,110,183.707,301.535,211.367,256.451,63.759
P,2,4,12,120,183.607,250.868,186.571,218.719,45.465
P,3,1,2,14.21,184.728,306.606,,306.606,
P,3,1,Missing,30,184.57,197.019,147.916,172.467,34.721
P,3,2,5,45,184.42,166.843,103.396,135.119,44.864
P,3,2,6,60,184.27,205.418,96.825,151.122,76.787
P,3,3,8,75,184.12,235.302,170.859,203.081,45.568
P,3,3,9,90,183.97,167.426,140.738,154.082,18.871
P,3,4,10,100,183.87,178.716,133.533,156.125,31.949
P,3,4,11,110,183.77,175.218,130.272,152.745,31.782
P,3,4,12,120,183.67,216.278,167.135,191.707,34.749
P,4,1,2,14.21,184.609,420.123,228.979,324.551,135.159
P,4,1,3,30,184.451,215.786,180.401,198.093,25.021
P,4,2,5,41.25,184.339,218.349,186.107,202.228,22.799
P,4,2,6,60,184.151,216.093,170.373,193.233,32.329
P,4,3,8,75.71,183.994,111.408,152.699,132.053,29.197
P,4,3,9,90,183.851,278.11,215.377,246.743,44.359
P,4,4,10,100,183.751,319.657,200.008,259.833,84.605
P,4,4,11,110,183.651,267.516,162.983,215.25,73.916
P,4,4,12,120,183.551,295.509,204.222,249.865,64.55
P,5,1,1,5,184.752,712.96,196.117,454.538,365.463
P,5,1,2,17.5,184.627,259.459,147.41,203.434,79.23
P,5,1,3,30,184.502,167.875,125.489,146.682,29.971
P,5,2,4,36.92,184.433,149.577,105.438,127.507,31.211
P,5,2,5,48.46,184.317,101.237,88.078,94.658,9.305
P,5,2,6,60,184.202,257.292,104.983,181.138,107.699
P,5,3,7,66,184.142,147.671,104.983,126.327,30.185
P,5,3,8,78,184.022,247.681,172.282,209.982,53.315
P,5,3,9,90,183.902,226.424,160.903,193.663,46.33
P,5,4,10,98.57,183.816,203.613,136.227,169.92,47.649
P,5,4,11,109.29,183.709,228.198,128.17,178.184,70.731
P,5,4,12,120,183.602,180.338,137,158.669,30.645
P,6,1,1,8.57,185.017,308.777,,308.777,
P,6,1,2,19.29,184.91,261.151,138.477,199.814,86.743
P,6,1,3,30,184.803,140.121,,140.121,
P,6,2,4,37.78,184.725,68.648,43.227,55.937,17.976
P,6,2,5,48.89,184.614,68.787,48.247,58.517,14.524
P,6,2,6,60,184.503,48.58,59.434,54.007,7.676
P,6,3,8,75.71,184.346,117.279,60.989,89.134,39.803
P,6,3,9,90,184.203,134.395,77.943,106.169,39.917
P,6,4,10,97.78,184.125,154.188,92.17,123.179,43.853
P,6,4,11,108.89,184.014,204.903,147.075,175.989,40.891
P,6,4,12,120,183.903,214.634,126.239,170.436,62.505
P,7,1,1,7.78,185.93,501.391,278.697,390.044,157.469
P,7,1,2,18.89,185.819,333.495,366.966,350.231,23.668
P,7,1,3,30,185.708,290.219,8.446,149.332,199.243
P,7,2,4,40,185.608,211.229,2.419,106.824,147.651
P,7,2,5,50,185.508,151.084,1.584,76.334,105.712
P,7,2,6,60,185.408,48.225,17.816,33.02,21.502
P,7,3,8,75.71,185.251,117.832,48.236,83.034,49.211
P,7,3,9,90,185.108,31.717,42.376,37.046,7.537
P,7,4,10,96,185.048,81.171,8.775,44.973,51.191
P,7,4,11,108,184.928,102.665,1.126,51.896,71.799
P,7,4,12,120,184.808,168.986,5.596,87.291,115.534
P,8,1,1 (NRx2),5,186.514,379.766,,379.766,
P,8,1,2,17.5,186.389,311.191,223.967,267.579,61.677
P,8,1,3,30,186.264,227.416,129.475,178.446,69.255
P,8,2,4,36.92,186.195,213.748,113.104,163.426,71.166
P,8,2,5,48.46,186.079,177.064,111.942,144.503,46.049
P,8,2,6,60,185.964,182.06,141.469,161.764,28.702
P,8,3,7,70,185.864,205.934,125.73,165.832,56.713
P,8,3,8,80,185.764,92.347,77.825,85.086,10.268
P,8,3,9,90,185.664,45.59,,45.59,
P,8,4,10,100,185.564,156.931,113.177,135.054,30.939
P,8,4,11,110,185.464,46.246,46.208,46.227,0.027
P,8,4,12,120,185.364,28.864,36.391,32.627,5.322
P,9,1,1 (NRx2),6,185.498,750.353,,750.353,
P,9,1,2,18,185.378,83.455,217.434,150.445,94.738
P,9,1,3,30,185.258,245.133,124.907,185.02,85.012
P,9,2,4,37.78,185.18,336.487,109.568,223.027,160.456
P,9,2,5,48.89,185.069,235.656,75.423,155.539,113.301
P,9,2,6,60,184.958,138.386,66.842,102.614,50.589
P,9,3,7,68.57,184.872,149.923,86.21,118.067,45.052
P,9,3,8,79.29,184.765,48.541,62.895,55.718,10.15
P,9,3,9,90,184.658,-24.875,29.274,2.2,38.289
P,9,4,10,98.57,184.572,45.318,32.914,39.116,8.771
P,9,4,11,109.29,184.465,-0.663,21.921,10.629,15.97
P,9,4,12,120,184.358,79.201,,79.201,
P,10,1,1,10,185.057,281.812,249.691,265.751,22.713
P,10,1,2,20,184.957,124.421,145.713,135.067,15.056
P,10,1,3,30,184.857,148.862,75.49,112.176,51.882
P,10,2,4,36.92,184.788,56.311,104.372,80.342,33.984
P,10,2,5,48.46,184.672,77.463,92.607,85.035,10.708
P,10,2,6,60,184.557,654.853,63.55,359.201,418.114
P,10,3,7,66.92,184.488,119.242,8.614,63.928,78.225
P,10,3,8,78.46,184.372,95.073,73.235,84.154,15.442
P,10,3,9,90,184.257,479.908,168.211,324.059,220.403
P,10,4,10 (NRx1),95,184.207,227.957,,227.957,
P,10,4,11,107.5,184.082,10.524,142.268,76.396,93.157
P,10,4,12,120,183.957,216.339,164.292,190.316,36.802
Na,1,1,1,2.73,184.864,,37.823,37.823,
Na,1,1,2,16.36,184.727,,41.396,41.396,
Na,1,1,3,30,184.591,,34.887,34.887,
Na,1,2,4,39.31,184.498,,39.043,39.043,
Na,1,2,5,49.66,184.394,,39.293,39.293,
Na,1,2,6,60,184.291,,50.799,50.799,
Na,1,3,8,75,184.141,,58.234,58.234,
Na,1,3,9,90,183.991,,86.842,86.842,
Na,1,4,10,100,183.891,,93.032,93.032,
Na,1,4,11,110,183.791,,96.229,96.229,
Na,1,4,12,120,183.691,,134.976,134.976,
Na,2,1,1 (2 Samples),0,184.807,,66.206,66.206,
Na,2,1,2,15,184.657,,81.786,81.786,
Na,2,2,4,40,184.407,,59.277,59.277,
Na,2,2,5,50,184.307,,,,
Na,2,2,6,60,184.207,,41.042,41.042,
Na,2,3,7,70,184.107,,55.142,55.142,
Na,2,3,8,80,184.007,,72.511,72.511,
Na,2,3,9,90,183.907,,90.921,90.921,
Na,2,4,10,100,183.807,,76.591,76.591,
Na,2,4,11,110,183.707,,106.549,106.549,
Na,2,4,12,120,183.607,,108.095,108.095,
Na,3,1,2,14.21,184.728,,42.175,42.175,
Na,3,1,Missing,30,184.57,,,,
Na,3,2,5,45,184.42,,40.645,40.645,
Na,3,2,6,60,184.27,,49.467,49.467,
Na,3,3,8,75,184.12,,46.312,46.312,
Na,3,3,9,90,183.97,,48.378,48.378,
Na,3,4,10,100,183.87,,54.476,54.476,
Na,3,4,11,110,183.77,,42.22,42.22,
Na,3,4,12,120,183.67,,49.809,49.809,
Na,4,1,2,14.21,184.609,,85.147,85.147,
Na,4,1,3,30,184.451,,61.823,61.823,
Na,4,2,5,41.25,184.339,,269.039,269.039,
Na,4,2,6,60,184.151,,250.127,250.127,
Na,4,3,8,75.71,183.994,,112.727,112.727,
Na,4,3,9,90,183.851,,96.181,96.181,
Na,4,4,10,100,183.751,,125.654,125.654,
Na,4,4,11,110,183.651,,128.034,128.034,
Na,4,4,12,120,183.551,,118.079,118.079,
Na,5,1,1,5,184.752,,41.87,41.87,
Na,5,1,2,17.5,184.627,,37.063,37.063,
Na,5,1,3,30,184.502,,48.641,48.641,
Na,5,2,4,36.92,184.433,,38.261,38.261,
Na,5,2,5,48.46,184.317,,55.43,55.43,
Na,5,2,6,60,184.202,,47.693,47.693,
Na,5,3,7,66,184.142,,47.693,47.693,
Na,5,3,8,78,184.022,,94.932,94.932,
Na,5,3,9,90,183.902,,57.506,57.506,
Na,5,4,10,98.57,183.816,,53.741,53.741,
Na,5,4,11,109.29,183.709,,48.239,48.239,
Na,5,4,12,120,183.602,,53.179,53.179,
Na,6,1,1,8.57,185.017,,,,
Na,6,1,2,19.29,184.91,,50.334,50.334,
Na,6,1,3,30,184.803,,,,
Na,6,2,4,37.78,184.725,,38.662,38.662,
Na,6,2,5,48.89,184.614,,33.415,33.415,
Na,6,2,6,60,184.503,,33.15,33.15,
Na,6,3,8,75.71,184.346,,30.613,30.613,
Na,6,3,9,90,184.203,,31.97,31.97,
Na,6,4,10,97.78,184.125,,25.852,25.852,
Na,6,4,11,108.89,184.014,,38.643,38.643,
Na,6,4,12,120,183.903,,35.558,35.558,
Na,7,1,1,7.78,185.93,,28.327,28.327,
Na,7,1,2,18.89,185.819,,33.96,33.96,
Na,7,1,3,30,185.708,,28.897,28.897,
Na,7,2,4,40,185.608,,26.445,26.445,
Na,7,2,5,50,185.508,,20.547,20.547,
Na,7,2,6,60,185.408,,30.906,30.906,
Na,7,3,8,75.71,185.251,,30.676,30.676,
Na,7,3,9,90,185.108,,51.767,51.767,
Na,7,4,10,96,185.048,,47.254,47.254,
Na,7,4,11,108,184.928,,26.038,26.038,
Na,7,4,12,120,184.808,,28.983,28.983,
Na,8,1,1 (NRx2),5,186.514,,,,
Na,8,1,2,17.5,186.389,,42.392,42.392,
Na,8,1,3,30,186.264,,20.823,20.823,
Na,8,2,4,36.92,186.195,,24.864,24.864,
Na,8,2,5,48.46,186.079,,23.918,23.918,
Na,8,2,6,60,185.964,,22.623,22.623,
Na,8,3,7,70,185.864,,23.377,23.377,
Na,8,3,8,80,185.764,,23.958,23.958,
Na,8,3,9,90,185.664,,31.114,31.114,
Na,8,4,10,100,185.564,,24.045,24.045,
Na,8,4,11,110,185.464,,22.092,22.092,
Na,8,4,12,120,185.364,,,,
Na,9,1,1 (NRx2),6,185.498,,39.899,39.899,
Na,9,1,2,18,185.378,,34.287,34.287,
Na,9,1,3,30,185.258,,36.473,36.473,
Na,9,2,4,37.78,185.18,,32.694,32.694,
Na,9,2,5,48.89,185.069,,32.362,32.362,
Na,9,2,6,60,184.958,,28.756,28.756,
Na,9,3,7,68.57,184.872,,36.203,36.203,
Na,9,3,8,79.29,184.765,,25.413,25.413,
Na,9,3,9,90,184.658,,40.171,40.171,
Na,9,4,10,98.57,184.572,,35.182,35.182,
Na,9,4,11,109.29,184.465,,,,
Na,9,4,12,120,184.358,,80.537,80.537,
Na,10,1,1,10,185.057,,70.466,70.466,
Na,10,1,2,20,184.957,,62.557,62.557,
Na,10,1,3,30,184.857,,138.629,138.629,
Na,10,2,4,36.92,184.788,,73.473,73.473,
Na,10,2,5,48.46,184.672,,71.296,71.296,
Na,10,2,6,60,184.557,,45.831,45.831,
Na,10,3,7,66.92,184.488,,64.052,64.052,
Na,10,3,8,78.46,184.372,,81.583,81.583,
Na,10,3,9,90,184.257,,,,
Na,10,4,10 (NRx1),95,184.207,,95.647,95.647,
Na,10,4,11,107.5,184.082,,94.759,94.759,
Na,10,4,12,120,183.957,,31.505,31.505,
