,sensor_id,y_0,y_peak,y_max,y_min,y_rise,y_rang,x_0,x_max,x_peak,x_ymx,x_rise,x_rang,x_day
0,WLW1,0.0305406578564,0.0463098077776,0.055531184573,0.0305406578564,0.0249905267166,0.0249905267166,1254600.0,1263600.0,1260000.0,1263600.0,5400.0,9000.0,14
1,WLW1,0.055531184573,0.098232749992,0.135132597873,0.00234271021219,0.0796014133,0.132789887661,1263600.0,3600000.0,1276200.0,1296000.0,12600.0,2336400.0,14
2,WLW1,0.00440976536209,0.744663337576,0.745912070941,0.00440976536209,0.741502305579,0.741502305579,3600000.0,4197600.0,3668400.0,3664800.0,68400.0,597600.0,41
3,WLW1,0.121233878744,0.592359496947,0.594860390478,0.00312449617267,0.473626511734,0.591735894305,4197600.0,7700400.0,4251600.0,4255200.0,54000.0,3502800.0,48
4,WLW1,0.0219113380952,0.161757553501,0.171376178234,-0.00282864539577,0.149464840139,0.17420482363,7700400.0,12292200.0,7740000.0,7754400.0,39600.0,4591800.0,89
5,WLW1,0.0116681666925,0.328714181444,0.360116356087,-0.00821360223774,0.348448189395,0.368329958325,12292200.0,14650200.0,12340800.0,12369600.0,48600.0,2358000.0,142
6,WLW1,0.00737455850505,0.477877374972,0.50298748027,0.00737455850505,0.495612921765,0.495612921765,14650200.0,15330600.0,14711400.0,14731200.0,61200.0,680400.0,169
7,WLW1,0.145297320012,0.172105352893,0.31875686616,0.06752219202,0.173459546148,0.25123467414,15330600.0,16084800.0,15339600.0,15458400.0,9000.0,754200.0,177
8,WLW1,0.068445975151,0.398267628768,0.398862649034,0.068445975151,0.330416673883,0.330416673883,16084800.0,16498800.0,16133400.0,16135200.0,48600.0,414000.0,186
9,WLW1,0.17074995665,0.58926170672,0.620451490999,0.17074995665,0.449701534349,0.449701534349,16498800.0,16779600.0,16581600.0,16603200.0,82800.0,280800.0,190
10,WLW1,0.513814696827,0.863966617898,0.876012012164,0.307360317898,0.362197315337,0.568651694266,16779600.0,18385200.0,16830000.0,16855200.0,50400.0,1605600.0,194
11,WLW1,0.326168726743,0.78222822734,0.788423511874,0.303994682355,0.462254785131,0.484428829519,18385200.0,20235600.0,18444600.0,18446400.0,59400.0,1850400.0,212
12,WLW1,0.313924814566,1.01146814228,1.09548528681,0.313924814566,0.781560472244,0.781560472244,20235600.0,25390800.0,20293200.0,22838400.0,57600.0,5155200.0,234
13,WLW1,0.714595568631,0.980924993372,0.986014824994,0.714595568631,0.271419256363,0.271419256363,25390800.0,25453800.0,25452000.0,25453800.0,61200.0,63000.0,293
14,WLW1,0.986014824994,0.991104656617,1.07442723762,0.00142357254176,0.088412412626,1.07300366508,25453800.0,35283600.0,25455600.0,25560000.0,1800.0,9829800.0,294
15,WLW1,0.0194107770447,0.0797812209122,0.0864900870388,0.000710278508018,0.0670793099941,0.0857798085308,35283600.0,39585600.0,35299800.0,35301600.0,16200.0,4302000.0,43
16,WLW1,0.0030455181517,0.159799665112,0.198005481824,0.000677663067073,0.194959963672,0.197327818757,39585600.0,40644000.0,39612600.0,39628800.0,27000.0,1058400.0,93
17,WLW1,0.00537913524962,0.341836594117,0.360562421621,-0.00116308684613,0.355183286371,0.361725508467,40644000.0,42912000.0,40690800.0,40708800.0,46800.0,2268000.0,105
18,WLW1,0.0408541302784,0.620094167063,0.660439080303,-0.0104181196462,0.619584950025,0.670857199949,42912000.0,50961600.0,42973200.0,42991200.0,61200.0,8049600.0,131
19,WLW1,0.00225397405886,0.905421201603,1.03217838465,0.00225397405886,1.02992441059,1.02992441059,50961600.0,54032400.0,51039000.0,51876000.0,77400.0,3070800.0,224
20,WLW1,0.703185185622,0.826301125068,0.834443622476,0.402173597544,0.131258436854,0.432270024932,54032400.0,55677600.0,54066600.0,54079200.0,34200.0,1645200.0,260
21,WLW1,0.504655943466,0.813081243519,0.824605625055,0.341672197131,0.319949681589,0.482933427924,55677600.0,57200400.0,55726200.0,55742400.0,48600.0,1522800.0,279
22,WLW1,0.358283386744,0.694372979874,0.709924501029,0.358283386744,0.351641114285,0.351641114285,57200400.0,57265200.0,57259800.0,57265200.0,59400.0,64800.0,297
23,WLW1,0.709924501029,0.75016369541,0.75016369541,0.397796783288,0.040239194381,0.352366912122,57265200.0,57778200.0,57276000.0,57276000.0,10800.0,513000.0,297
24,WLW1,0.397796783288,0.637470080109,0.651082473852,0.396539884277,0.253285690564,0.254542589575,57778200.0,58037400.0,57801600.0,57808800.0,23400.0,259200.0,303
25,WLW1,0.523675382364,0.539113559868,0.557477997149,0.523675382364,0.033802614785,0.033802614785,58037400.0,58050000.0,58042800.0,58050000.0,5400.0,12600.0,306
26,WLW1,0.557477997149,0.903006600995,0.953863474716,0.177921157715,0.396385477567,0.775942317001,58050000.0,60368400.0,58129200.0,58320000.0,79200.0,2318400.0,306
27,WLW1,0.195236151411,0.374698839405,0.446182501279,0.195236151411,0.250946349868,0.250946349868,60368400.0,60532200.0,60411600.0,60508800.0,43200.0,163800.0,333
28,WLW1,0.445689772414,0.641261300284,0.674209370152,0.160387786742,0.228519597738,0.51382158341,60532200.0,61498800.0,60575400.0,60638400.0,43200.0,966600.0,335
29,WLW1,0.162842393463,0.901385149822,0.975165938409,0.162842393463,0.812323544946,0.812323544946,61498800.0,62656200.0,61531200.0,61610400.0,32400.0,1157400.0,346
30,WLW1,0.355489289932,0.601623131904,0.603775168119,-0.00112762159695,0.248285878187,0.604902789716,62656200.0,64042200.0,62701200.0,62704800.0,45000.0,1386000.0,360
31,WLW1,0.0221775492889,0.126164540729,0.154831611798,-0.00390593908306,0.132654062509,0.158737550881,64042200.0,66713400.0,64076400.0,64238400.0,34200.0,2671200.0,11
32,WLW1,0.010509050269,0.281608302604,0.305997773822,-0.00117841937762,0.295488723553,0.3071761932,66713400.0,67917600.0,66740400.0,66736800.0,27000.0,1204200.0,42
33,WLW1,0.0120286893481,0.301588814945,0.303619055147,0.0120286893481,0.291590365799,0.291590365799,67917600.0,68220000.0,67964400.0,67975200.0,46800.0,302400.0,56
34,WLW1,0.0727342082997,0.408918463735,0.411027302899,-0.0108627403099,0.338293094599,0.421890043209,68220000.0,70869600.0,68266800.0,68277600.0,46800.0,2649600.0,59
35,WLW1,0.00494041519417,0.426164202795,0.431268772987,0.00494041519417,0.426328357793,0.426328357793,70869600.0,71103600.0,70920000.0,70934400.0,50400.0,234000.0,90
36,WLW1,0.253231608637,0.487860737922,0.487972694574,-0.00997099781924,0.234741085937,0.497943692393,71103600.0,72876600.0,71146800.0,71143200.0,43200.0,1773000.0,92
37,WLW1,0.0725831264026,0.265732068744,0.278108822633,0.0641186885535,0.20552569623,0.21399013408,72876600.0,73274400.0,72918000.0,72936000.0,41400.0,397800.0,113
38,WLW1,0.0751854078842,0.387724171371,0.475645642087,0.0751854078842,0.400460234203,0.400460234203,73274400.0,73405800.0,73328400.0,73405800.0,54000.0,131400.0,118
39,WLW1,0.475645642087,0.517277887509,0.528658918709,0.0520355122246,0.053013276622,0.476623406484,73405800.0,75099600.0,73420200.0,73431000.0,14400.0,1693800.0,119
40,WLW1,0.0740690319856,0.802665950046,0.802665950046,0.0740690319856,0.72859691806,0.72859691806,75099600.0,75571200.0,75151800.0,75151800.0,52200.0,471600.0,139
41,WLW1,0.648440821396,0.892420948242,0.903918991297,0.376422372738,0.255478169901,0.527496618559,75571200.0,76672800.0,75616200.0,75663000.0,45000.0,1101600.0,144
42,WLW1,0.386078988929,0.683227680047,0.691347417902,0.335474376252,0.305268428973,0.35587304165,76672800.0,77830200.0,76719600.0,76757400.0,46800.0,1157400.0,157
43,WLW1,0.338387777723,0.717170502557,0.742014946673,0.338387777723,0.40362716895,0.40362716895,77830200.0,78166800.0,77878800.0,77902200.0,48600.0,336600.0,170
44,WLW1,0.589545852296,0.860607743417,0.865762137845,0.589545852296,0.276216285549,0.276216285549,78166800.0,78780600.0,78213600.0,78226200.0,46800.0,613800.0,174
45,WLW1,0.716881973923,0.820384566957,0.827075690844,0.403723469652,0.110193716921,0.423352221192,78780600.0,80145000.0,78814800.0,78816600.0,34200.0,1364400.0,181
46,WLW1,0.421004228135,0.716978500468,0.720794779643,0.308781426116,0.299790551508,0.412013353527,80145000.0,81090000.0,80190000.0,80199000.0,45000.0,945000.0,197
47,WLW1,0.319707184886,0.908499896174,1.041516429,0.319707184886,0.721809244114,0.721809244114,81090000.0,83968200.0,81153000.0,82906200.0,63000.0,2878200.0,208
48,WLW1,0.819020448591,0.964861491152,0.972037605315,0.819020448591,0.153017156724,0.153017156724,83968200.0,84049200.0,84006000.0,84007800.0,37800.0,81000.0,241
49,WLW2,0.00119830580629,0.357408314201,0.360363313535,-0.00727926220023,0.359165007729,0.367642575735,1238400.0,2959200.0,1285200.0,1281600.0,46800.0,1720800.0,14
50,WLW2,0.00195026882508,0.181207181682,0.184340784794,-0.018102512904,0.182390515969,0.202443297698,2959200.0,3216600.0,2979000.0,2980800.0,19800.0,257400.0,34
51,WLW2,0.0185110628682,0.0447760442302,0.0646897829051,-0.0207040360286,0.0461787200369,0.0853938189337,3216600.0,3610800.0,3225600.0,3240000.0,9000.0,394200.0,37
52,WLW2,0.0632549567682,0.752611722044,0.765153966172,0.0632549567682,0.701899009404,0.701899009404,3610800.0,4192200.0,3634200.0,3628800.0,23400.0,581400.0,41
53,WLW2,0.284830960024,0.680868810748,0.689705051454,-0.0536792404436,0.40487409143,0.743384291898,4192200.0,7083000.0,4237200.0,4233600.0,45000.0,2890800.0,48
54,WLW2,0.0200555699489,0.0304507809056,0.0414031548783,0.0200555699489,0.0213475849294,0.0213475849294,7083000.0,7092000.0,7086600.0,7092000.0,3600.0,9000.0,81
55,WLW2,0.0414031548783,0.0647473770535,0.0725287844452,-0.0449332588839,0.0311256295669,0.117462043329,7092000.0,7236000.0,7097400.0,7099200.0,5400.0,144000.0,82
56,WLW2,-0.0449332588839,0.203372694024,0.211532830675,-0.0449332588839,0.256466089559,0.256466089559,7236000.0,7657200.0,7261200.0,7257600.0,25200.0,421200.0,83
57,WLW2,-0.0226013431973,0.2557460992,0.258585402957,-0.0284468922854,0.281186746154,0.287032295242,7657200.0,8523000.0,7704000.0,7711200.0,46800.0,865800.0,88
58,WLW2,-0.0169944828901,0.223594945339,0.230476682711,-0.101787786844,0.247471165601,0.332264469555,8523000.0,9401400.0,8542800.0,8539200.0,19800.0,878400.0,98
59,WLW2,-0.097571008755,0.248194924127,0.248194924127,-0.0997311125863,0.345765932882,0.347926036713,9401400.0,11818800.0,9432000.0,9432000.0,30600.0,2417400.0,108
60,WLW2,0.0118387226579,0.140497152514,0.147751436331,-0.00657044273084,0.135912713673,0.154321879062,11818800.0,12216600.0,11856600.0,11858400.0,37800.0,397800.0,136
61,WLW2,0.00321621787898,0.291408087203,0.304150965433,0.00321621787898,0.300934747554,0.300934747554,12216600.0,12265200.0,12252600.0,12265200.0,36000.0,48600.0,141
62,WLW2,0.304150965433,0.530396472112,0.537719478608,-0.0202495803265,0.233568513175,0.557969058934,12265200.0,14495400.0,12321000.0,12355200.0,55800.0,2230200.0,141
63,WLW2,-0.0104486192832,0.263657804572,0.263657804572,-0.0104486192832,0.274106423855,0.274106423855,14495400.0,14603400.0,14544000.0,14544000.0,48600.0,108000.0,167
64,WLW2,0.200923834162,0.684319862009,0.688990358964,0.200923834162,0.488066524802,0.488066524802,14603400.0,15305400.0,14670000.0,14666400.0,66600.0,702000.0,169
65,WLW2,0.451903682057,0.589374909784,0.644429885625,0.329659528536,0.192526203568,0.314770357089,15305400.0,15987600.0,15334200.0,15458400.0,28800.0,682200.0,177
66,WLW2,0.334740811822,0.649566414278,0.674692203202,0.334740811822,0.33995139138,0.33995139138,15987600.0,16079400.0,16003800.0,15998400.0,16200.0,91800.0,185
67,WLW2,0.466176236916,0.596298554271,0.618406104799,0.466176236916,0.152229867883,0.152229867883,16079400.0,16518600.0,16117200.0,16250400.0,37800.0,439200.0,186
68,WLW2,0.591740582397,0.892990072173,0.987005255331,0.591740582397,0.395264672934,0.395264672934,16518600.0,20253600.0,16569000.0,20253600.0,50400.0,3735000.0,191
69,WLW2,0.987005255331,1.02662854497,1.16243458193,-0.0149769527708,0.175429326599,1.1774115347,20253600.0,32464800.0,20266200.0,22852800.0,12600.0,12211200.0,234
70,WLW2,-0.000710946841512,0.215039818727,0.241913044045,-0.00379304756336,0.242623990887,0.245706091608,32464800.0,32585400.0,32482800.0,32479200.0,18000.0,120600.0,10
71,WLW2,0.0110076598617,0.491093111159,0.501467940489,-0.00736454815999,0.490460280627,0.508832488649,32585400.0,40649400.0,32646600.0,32652000.0,61200.0,8064000.0,12
72,WLW2,0.0050420741517,0.523942413344,0.527596778335,0.0050420741517,0.522554704183,0.522554704183,40649400.0,40768200.0,40714200.0,40716000.0,64800.0,118800.0,105
73,WLW2,0.518579649313,0.576045558148,0.608832220298,0.0238692006047,0.090252570985,0.584963019693,40768200.0,41731200.0,40782600.0,40802400.0,14400.0,963000.0,106
74,WLW2,0.105976811424,0.168356467131,0.20157109892,-0.0146193161383,0.095594287496,0.216190415058,41731200.0,42654600.0,41751000.0,41803200.0,19800.0,923400.0,118
75,WLW2,0.00149950808632,0.225872195264,0.227122353994,0.00149950808632,0.225622845908,0.225622845908,42654600.0,42858000.0,42699600.0,42710400.0,45000.0,203400.0,128
76,WLW2,0.157226187987,0.755498786298,0.78952472433,-0.0210113490491,0.632298536343,0.810536073379,42858000.0,50634000.0,42951600.0,43120800.0,93600.0,7776000.0,131
77,WLW2,0.0102453109112,0.136552112034,0.206664333812,0.0102453109112,0.196419022901,0.196419022901,50634000.0,50965200.0,50673600.0,50810400.0,39600.0,331200.0,221
78,WLW2,0.185255904201,0.97730135585,1.09003766024,0.185255904201,0.904781756039,0.904781756039,50965200.0,61507800.0,51048000.0,51868800.0,82800.0,10542600.0,224
79,WLW2,0.937965235374,0.948036986671,0.967344925984,0.937965235374,0.02937969061,0.02937969061,61507800.0,61518600.0,61511400.0,61518600.0,3600.0,10800.0,346
80,WLW2,0.967344925984,0.972584486437,1.04387245184,0.677291662365,0.076527525856,0.366580789475,61518600.0,64036800.0,61520400.0,61689600.0,1800.0,2518200.0,347
81,WLW2,0.753314611311,0.862546579176,0.876508054402,0.409914612228,0.123193443091,0.466593442174,64036800.0,65066400.0,64060200.0,64202400.0,23400.0,1029600.0,11
82,WLW2,0.409914612228,0.526585653554,0.531220727837,-0.0173156601431,0.121306115609,0.54853638798,65066400.0,66713400.0,65084400.0,65080800.0,18000.0,1647000.0,23
83,WLW2,-0.00160719496513,0.36503371411,0.399601102033,-0.0104102678164,0.401208296998,0.410011369849,66713400.0,67671000.0,66744000.0,66780000.0,30600.0,957600.0,42
84,WLW2,0.0518416406769,0.151778239201,0.164493278434,0.0518416406769,0.112651637757,0.112651637757,67671000.0,67908600.0,67701600.0,67730400.0,30600.0,237600.0,53
85,WLW2,0.0580305325886,0.589656118009,0.592782640675,0.0580305325886,0.534752108086,0.534752108086,67908600.0,68225400.0,67939200.0,67946400.0,30600.0,316800.0,55
86,WLW2,0.371763707906,0.640138276545,0.646931872914,-0.0203679413496,0.275168165008,0.667299814264,68225400.0,69777000.0,68247000.0,68241600.0,21600.0,1551600.0,59
87,WLW2,0.00411435985627,0.0879514617886,0.239856635556,-0.0161769971984,0.2357422757,0.256033632754,69777000.0,70873200.0,69798600.0,70873200.0,21600.0,1096200.0,77
88,WLW2,0.239856635556,0.605885093182,0.606420711767,0.239856635556,0.366564076211,0.366564076211,70873200.0,71105400.0,70896600.0,70898400.0,23400.0,232200.0,90
89,WLW2,0.424837872317,0.651399648186,0.65292197444,0.136506494679,0.228084102123,0.516415479761,71105400.0,72856800.0,71127000.0,71128800.0,21600.0,1751400.0,92
90,WLW2,0.136506494679,0.570092643386,0.570383316922,0.136506494679,0.433876822243,0.433876822243,72856800.0,73267200.0,72905400.0,72907200.0,48600.0,410400.0,113
91,WLW3,0.211214966855,0.37256280466,0.386775877905,0.211214966855,0.17556091105,0.17556091105,354600.0,725400.0,397800.0,424800.0,43200.0,370800.0,4
92,WLW3,0.224862940733,0.542447184585,0.542475754039,0.224518771844,0.317612813306,0.317956982195,725400.0,1058400.0,754200.0,748800.0,28800.0,333000.0,8
93,WLW3,0.285445505827,0.595494750179,0.598799444985,0.285445505827,0.313353939158,0.313353939158,1058400.0,1236600.0,1105200.0,1101600.0,46800.0,178200.0,12
94,WLW3,0.398278524408,0.886908151088,0.900110044851,0.396126381077,0.501831520443,0.503983663774,1236600.0,1319400.0,1265400.0,1260000.0,28800.0,82800.0,14
95,WLW3,0.800098376119,0.866075484806,0.866075484806,0.45830631584,0.065977108687,0.407769168966,1319400.0,1645200.0,1332000.0,1332000.0,12600.0,325800.0,15
96,WLW3,0.473810459071,0.600616080835,0.600616080835,0.473810459071,0.126805621764,0.126805621764,1645200.0,1728000.0,1677600.0,1677600.0,32400.0,82800.0,19
97,WLW3,0.557590072364,0.781539010562,0.781539010562,0.0843680292766,0.223948938198,0.697170981285,1728000.0,2923200.0,1749600.0,1749600.0,21600.0,1195200.0,20
98,WLW3,0.0843680292766,0.280761871677,0.291949652617,0.0843680292766,0.20758162334,0.20758162334,2923200.0,2955600.0,2950200.0,2955600.0,27000.0,32400.0,33
99,WLW3,0.291949652617,0.618194196195,0.635620978079,0.291949652617,0.343671325462,0.343671325462,2955600.0,3007800.0,3000600.0,3007800.0,45000.0,52200.0,34
100,WLW3,0.635620978079,0.660268568706,0.666776165602,0.395230115637,0.031155187523,0.271546049965,3007800.0,3211200.0,3015000.0,3016800.0,7200.0,203400.0,34
101,WLW3,0.410547335681,0.733301092735,0.734653192835,0.410547335681,0.324105857154,0.324105857154,3211200.0,3432600.0,3252600.0,3254400.0,41400.0,221400.0,37
102,WLW3,0.485747371615,0.76062565406,0.772893460535,0.484513654838,0.28714608892,0.288379805697,3432600.0,3529800.0,3454200.0,3448800.0,21600.0,97200.0,39
103,WLW3,0.670053976756,0.765092673061,0.765092673061,0.670053976756,0.095038696305,0.095038696305,3529800.0,3607200.0,3549600.0,3549600.0,19800.0,77400.0,40
104,WLW3,0.681716245846,0.990031591613,0.998095029983,0.646041620686,0.316378784137,0.352053409297,3607200.0,4188600.0,3634200.0,3628800.0,27000.0,581400.0,41
105,WLW3,0.654707942564,0.965118667721,0.969746206947,0.107420536681,0.315038264383,0.862325670266,4188600.0,7227000.0,4230000.0,4226400.0,41400.0,3038400.0,48
106,WLW3,0.359811606038,0.611224618401,0.622937942308,0.359811606038,0.26312633627,0.26312633627,7227000.0,7259400.0,7255800.0,7259400.0,28800.0,32400.0,83
107,WLW3,0.622937942308,0.732415707013,0.73841644681,0.44684065768,0.115478504502,0.29157578913,7259400.0,7673400.0,7275600.0,7293600.0,16200.0,414000.0,84
108,WLW3,0.44684065768,0.815553156521,0.842559065665,0.446324203205,0.395718407985,0.39623486246,7673400.0,8521200.0,7702200.0,7718400.0,28800.0,847800.0,88
109,WLW3,0.472667038967,0.647546032125,0.648206340464,0.326344050163,0.175539301497,0.321862290301,8521200.0,9428400.0,8562600.0,8568000.0,41400.0,907200.0,98
110,WLW3,0.354661824859,0.765724970675,0.776535192293,0.354661824859,0.421873367434,0.421873367434,9428400.0,9736200.0,9446400.0,9475200.0,18000.0,307800.0,109
111,WLW3,0.628019374426,0.668504478722,0.686795563182,0.537950862615,0.058776188756,0.148844700567,9736200.0,10033200.0,9748800.0,9756000.0,12600.0,297000.0,112
112,WLW3,0.554126717881,0.753051784772,0.753139375611,0.301310028079,0.19901265773,0.451829347532,10033200.0,11838600.0,10074600.0,10072800.0,41400.0,1805400.0,116
113,WLW3,0.325073576095,0.51199552841,0.53057387643,0.325073576095,0.205500300335,0.205500300335,11838600.0,12227400.0,11885400.0,11916000.0,46800.0,388800.0,137
114,WLW3,0.446220786244,0.875988082278,0.917135439297,0.445138633283,0.470914653053,0.471996806014,12227400.0,14628600.0,12308400.0,12326400.0,81000.0,2401200.0,141
115,WLW3,0.640794061024,0.923153426935,0.934180974136,0.640794061024,0.293386913112,0.293386913112,14628600.0,15294600.0,14682600.0,14709600.0,54000.0,666000.0,169
116,WLW3,0.781896110434,0.953955090398,0.961919842346,0.603480577722,0.180023731912,0.358439264624,15294600.0,16090200.0,15336000.0,15400800.0,41400.0,795600.0,177
117,WLW3,0.722342815903,0.932248131523,0.935024048129,0.722342815903,0.212681232226,0.212681232226,16090200.0,16515000.0,16117200.0,16113600.0,27000.0,424800.0,186
118,WLW3,0.863340230998,0.980137405755,1.08047398032,0.863340230998,0.217133749322,0.217133749322,16515000.0,20235600.0,16547400.0,18453600.0,32400.0,3720600.0,191
119,WLW3,1.04716866571,1.17136692162,1.26206907061,0.761274608508,0.2149004049,0.500794462102,20235600.0,30123000.0,20275200.0,22831200.0,39600.0,9887400.0,234
120,WLW3,0.776056148118,0.944317589303,0.950652759443,0.598232834021,0.174596611325,0.352419925422,30123000.0,30693600.0,30142800.0,30139200.0,19800.0,570600.0,348
121,WLW3,0.598232834021,0.798531648393,0.801891529821,0.598232834021,0.2036586958,0.2036586958,30693600.0,30758400.0,30718800.0,30715200.0,25200.0,64800.0,355
122,WLW3,0.763030012516,0.889511777336,0.894553220992,0.369925376663,0.131523208476,0.524627844329,30758400.0,31620600.0,30778200.0,30780000.0,19800.0,862200.0,356
123,WLW3,0.433767205513,0.443810322838,0.463308867582,0.433767205513,0.029541662069,0.029541662069,31620600.0,31631400.0,31624200.0,31631400.0,3600.0,10800.0,0
124,WLW3,0.463308867582,0.468533214434,0.499828233567,0.204563067198,0.036519365985,0.295265166369,31631400.0,32473800.0,31633200.0,31845600.0,1800.0,842400.0,1
125,WLW3,0.252171562842,0.308085211879,0.334355696896,0.252171562842,0.082184134054,0.082184134054,32473800.0,32599800.0,32491800.0,32572800.0,18000.0,126000.0,10
126,WLW3,0.325903245101,0.88010737407,0.888888132275,-0.0368664403441,0.562984887174,0.925754572619,32599800.0,39969000.0,32646600.0,32652000.0,46800.0,7369200.0,12
127,WLW3,0.0354373136941,0.105380175804,0.107243412306,-0.0125798350577,0.0718060986119,0.119823247364,39969000.0,40654800.0,39988800.0,39996000.0,19800.0,685800.0,97
128,WLW3,-0.00576837200316,0.778018032914,0.864031314936,-0.00637035224403,0.869799686939,0.87040166718,40654800.0,41499000.0,40717800.0,40802400.0,63000.0,844200.0,105
129,WLW3,0.577501538361,0.676752540558,0.681158322915,0.577501538361,0.103656784554,0.103656784554,41499000.0,41716800.0,41524200.0,41536800.0,25200.0,217800.0,115
130,WLW3,0.598226365357,0.751438311599,0.759096687997,0.504084602788,0.16087032264,0.255012085209,41716800.0,42658200.0,41734800.0,41788800.0,18000.0,941400.0,117
131,WLW3,0.519331944481,0.784855886188,0.78506987618,0.519331944481,0.265737931699,0.265737931699,42658200.0,42868800.0,42690600.0,42688800.0,32400.0,210600.0,128
132,WLW3,0.728996417495,0.859093035398,0.91040802467,0.728996417495,0.181411607175,0.181411607175,42868800.0,42928200.0,42892200.0,42928200.0,23400.0,59400.0,131
133,WLW3,0.91040802467,0.980794205486,0.980794205486,0.326663428231,0.070386180816,0.654130777255,42928200.0,47581200.0,42948000.0,42948000.0,19800.0,4653000.0,131
134,WLW3,0.473714573243,0.592066742962,0.641867728075,0.386474885526,0.168153154832,0.255392842549,47581200.0,48520800.0,47619000.0,47656800.0,37800.0,939600.0,185
135,WLW3,0.430608906,0.615009706583,0.625034112115,0.430608906,0.194425206115,0.194425206115,48520800.0,48551400.0,48547800.0,48551400.0,27000.0,30600.0,196
136,WLW3,0.625034112115,0.716156762528,0.736307018452,0.36723365249,0.111272906337,0.369073365962,48551400.0,50549400.0,48567600.0,48643200.0,16200.0,1998000.0,196
137,WLW3,0.423023412478,0.455690132595,0.460016543641,0.423023412478,0.036993131163,0.036993131163,50549400.0,50562000.0,50560200.0,50562000.0,10800.0,12600.0,220
138,WLW3,0.460016543641,0.76318275075,0.870482235779,0.460016543641,0.410465692138,0.410465692138,50562000.0,50974200.0,50628600.0,50974200.0,66600.0,412200.0,220
139,WLW3,0.870482235779,0.935570756694,1.00532169617,0.870482235779,0.134839460391,0.134839460391,50974200.0,51026400.0,50994000.0,51026400.0,19800.0,52200.0,224
140,WLW3,1.00532169617,1.00988176906,1.18542329427,0.969233137053,0.1801015981,0.216190157217,51026400.0,61516800.0,51028200.0,51876000.0,1800.0,10490400.0,225
141,WLW3,1.04673267561,1.06373292074,1.13142453417,0.817699872069,0.08469185856,0.313724662101,61516800.0,64013400.0,61522200.0,61689600.0,5400.0,2496600.0,347
142,WLW3,0.837198463089,0.852271107995,0.866695828351,0.837198463089,0.029497365262,0.029497365262,64013400.0,64024200.0,64018800.0,64024200.0,5400.0,10800.0,10
143,WLW3,0.866695828351,0.88385887208,0.909776222174,0.866695828351,0.043080393823,0.043080393823,64024200.0,64040400.0,64029600.0,64040400.0,5400.0,16200.0,11
144,WLW3,0.909776222174,0.925631011204,0.93428994967,0.909776222174,0.024513727496,0.024513727496,64040400.0,64049400.0,64045800.0,64049400.0,5400.0,9000.0,11
145,WLW3,0.93428994967,0.967555910012,0.971323539011,0.645294489553,0.037033589341,0.326029049458,64049400.0,65068200.0,64058400.0,64202400.0,9000.0,1018800.0,11
146,WLW3,0.657615978662,0.767115690764,0.768355109023,0.225196891672,0.110739130361,0.543158217351,65068200.0,66718800.0,65089800.0,65088000.0,21600.0,1650600.0,23
147,WLW3,0.225196891672,0.756359358053,0.774099168199,0.223408163928,0.548902276527,0.550691004271,66718800.0,66751200.0,66742200.0,66751200.0,23400.0,32400.0,42
148,WLW3,0.774099168199,0.778846305671,0.788340580615,0.774099168199,0.014241412416,0.014241412416,66751200.0,66756600.0,66753000.0,66756600.0,1800.0,5400.0,42
149,WLW3,0.788340580615,0.81235993449,0.8447706847,0.358067303553,0.056430104085,0.486703381147,66756600.0,67429800.0,66763800.0,66794400.0,7200.0,673200.0,42
150,WLW3,0.36932838732,0.687717929798,0.689287091059,0.36932838732,0.319958703739,0.319958703739,67429800.0,67671000.0,67474800.0,67471200.0,45000.0,241200.0,50
151,WLW3,0.503591931009,0.782880405141,0.787529866481,0.50239231899,0.283937935472,0.285137547491,67671000.0,67897800.0,67692600.0,67687200.0,21600.0,226800.0,53
152,WLW3,0.589213778787,0.930306575188,0.932188229921,0.589213778787,0.342974451134,0.342974451134,67897800.0,68149800.0,67944600.0,67946400.0,46800.0,252000.0,55
153,WLW3,0.824454520264,0.877368509314,0.914836059632,0.824454520264,0.090381539368,0.090381539368,68149800.0,68239800.0,68164200.0,68239800.0,14400.0,90000.0,58
154,WLW3,0.914836059632,0.939296952872,0.94589292846,0.427104291284,0.031056868828,0.518788637176,68239800.0,69447600.0,68247000.0,68248800.0,7200.0,1207800.0,59
155,WLW3,0.483183342712,0.534108207066,0.540113627077,0.39329451979,0.056930284365,0.146819107287,69447600.0,69780600.0,69463800.0,69465600.0,16200.0,333000.0,73
156,WLW3,0.39329451979,0.699155831256,0.703508403626,0.392375326841,0.310213883836,0.311133076785,69780600.0,69831000.0,69802200.0,69796800.0,21600.0,50400.0,77
157,WLW3,0.698094726828,0.708217746506,0.740553474059,0.364747696358,0.042458747231,0.375805777701,69831000.0,70651800.0,69834600.0,69847200.0,3600.0,820800.0,78
158,WLW3,0.38489289979,0.410880538095,0.415961028262,0.38489289979,0.031068128472,0.031068128472,70651800.0,70662600.0,70660800.0,70662600.0,9000.0,10800.0,87
159,WLW3,0.415961028262,0.493405238694,0.504252381159,0.415961028262,0.088291352897,0.088291352897,70662600.0,70702200.0,70687800.0,70702200.0,25200.0,39600.0,87
160,WLW3,0.504252381159,0.775913519998,0.840058981148,0.504252381159,0.335806599989,0.335806599989,70702200.0,70867800.0,70731000.0,70867800.0,28800.0,165600.0,88
161,WLW3,0.840058981148,0.855265081538,0.883472967181,0.840058981148,0.043413986033,0.043413986033,70867800.0,70884000.0,70873200.0,70884000.0,5400.0,16200.0,90
162,WLW3,0.883472967181,0.904891210639,0.918044103547,0.883472967181,0.034571136366,0.034571136366,70884000.0,70896600.0,70891200.0,70896600.0,7200.0,12600.0,90
163,WLW3,0.918044103547,0.9432875,0.950240532939,0.657440815482,0.032196429392,0.292799717457,70896600.0,72633600.0,70903800.0,70905600.0,7200.0,1737000.0,90
164,WLW3,0.658487154942,0.762095350725,0.763373706497,0.658487154942,0.104886551555,0.104886551555,72633600.0,72856800.0,72649800.0,72648000.0,16200.0,223200.0,110
165,WLW3,0.672281739033,0.926674414907,0.926674414907,0.672281739033,0.254392675874,0.254392675874,72856800.0,73276200.0,72900000.0,72900000.0,43200.0,419400.0,113
166,WLW4,0.168841603353,0.381191813931,0.388703076062,0.168841603353,0.219861472709,0.219861472709,360000.0,729000.0,385200.0,424800.0,25200.0,369000.0,4
167,WLW4,0.245061847779,0.364361683725,0.379577427021,0.245061847779,0.134515579242,0.134515579242,729000.0,766800.0,761400.0,766800.0,32400.0,37800.0,8
168,WLW4,0.379577427021,0.400659654875,0.417241290368,0.269749714338,0.037663863347,0.14749157603,766800.0,1062000.0,774000.0,799200.0,7200.0,295200.0,8
169,WLW4,0.287810676714,0.553057287858,0.553057287858,0.287810676714,0.265246611144,0.265246611144,1062000.0,1242000.0,1108800.0,1108800.0,46800.0,180000.0,12
170,WLW4,0.41498540653,0.862565986955,0.871963668364,0.413423094627,0.456978261834,0.458540573737,1242000.0,1314000.0,1265400.0,1260000.0,23400.0,72000.0,14
171,WLW4,0.770152911606,0.855395559563,0.858868981885,0.422715448464,0.088716070279,0.436153533421,1314000.0,1647000.0,1333800.0,1332000.0,19800.0,333000.0,15
172,WLW4,0.436400522027,0.63158196523,0.632616439451,0.436400522027,0.196215917424,0.196215917424,1647000.0,1726200.0,1672200.0,1670400.0,25200.0,79200.0,19
173,WLW4,0.56115800704,0.835777220095,0.845415915858,0.105037418715,0.284257908818,0.740378497143,1726200.0,2917800.0,1746000.0,1742400.0,19800.0,1191600.0,19
174,WLW4,0.1212885016,0.268701389707,0.295335553671,0.1212885016,0.174047052071,0.174047052071,2917800.0,2966400.0,2952000.0,2966400.0,34200.0,48600.0,33
175,WLW4,0.295335553671,0.646892331371,0.654505467278,0.295335553671,0.359169913607,0.359169913607,2966400.0,3209400.0,2993400.0,2988000.0,27000.0,243000.0,34
176,WLW4,0.377427497009,0.771880861926,0.780430733076,0.376899717072,0.403003236067,0.403531016004,3209400.0,3432600.0,3238200.0,3232800.0,28800.0,223200.0,37
177,WLW4,0.460299773503,0.768691912216,0.782481700464,0.459582155923,0.322181926961,0.322899544541,3432600.0,3528000.0,3452400.0,3448800.0,19800.0,95400.0,39
178,WLW4,0.649485720447,0.764763074776,0.76671471897,0.649485720447,0.117228998523,0.117228998523,3528000.0,3605400.0,3546000.0,3549600.0,18000.0,77400.0,40
179,WLW4,0.682266502487,0.942055595088,0.945275891973,0.680815436501,0.263009389486,0.264460455472,3605400.0,3947400.0,3627000.0,3621600.0,21600.0,342000.0,41
180,WLW4,0.730483888409,0.795837557823,0.847555132321,0.700386189878,0.117071243912,0.147168942443,3947400.0,4195800.0,3967200.0,4046400.0,19800.0,248400.0,45
181,WLW4,0.700386189878,0.947473983205,0.950191657522,0.451517680373,0.249805467644,0.498673977149,4195800.0,5214600.0,4217400.0,4212000.0,21600.0,1018800.0,48
182,WLW4,0.460417141229,0.630688164062,0.646993358696,0.460417141229,0.186576217467,0.186576217467,5214600.0,5256000.0,5248800.0,5256000.0,34200.0,41400.0,60
183,WLW4,0.646993358696,0.667386841928,0.674184669672,0.563038210155,0.027191310976,0.111146459517,5256000.0,5365800.0,5261400.0,5263200.0,5400.0,109800.0,60
184,WLW4,0.577211854236,0.706077737749,0.724899808583,0.150265352732,0.147687954347,0.574634455851,5365800.0,7097400.0,5387400.0,5436000.0,21600.0,1731600.0,62
185,WLW4,0.234701263935,0.483724093519,0.553243384904,0.234701263935,0.318542120969,0.318542120969,7097400.0,7223400.0,7164000.0,7223400.0,66600.0,126000.0,82
186,WLW4,0.553243384904,0.62924453905,0.62924453905,0.553243384904,0.076001154146,0.076001154146,7223400.0,7243200.0,7236000.0,7236000.0,12600.0,19800.0,83
187,WLW4,0.603365341081,0.818497737643,0.822852899725,0.507285494416,0.219487558644,0.315567405309,7243200.0,7653600.0,7268400.0,7279200.0,25200.0,410400.0,83
188,WLW4,0.507285494416,0.893026053836,0.903268944388,0.507285494416,0.395983449972,0.395983449972,7653600.0,8204400.0,7702200.0,7711200.0,48600.0,550800.0,88
189,WLW4,0.598355193838,0.734526073015,0.736529092728,0.536691365137,0.13817389889,0.199837727591,8204400.0,8523000.0,8238600.0,8236800.0,34200.0,318600.0,94
190,WLW4,0.537673176964,0.787718965073,0.791974187599,0.393290174078,0.254301010635,0.398684013521,8523000.0,9379800.0,8544600.0,8539200.0,21600.0,856800.0,98
191,WLW4,0.410881737379,0.858200221507,0.864664402359,0.410881737379,0.45378266498,0.45378266498,9379800.0,9720000.0,9451800.0,9453600.0,72000.0,340200.0,108
192,WLW4,0.720248342474,0.729891513255,0.744667303128,0.720248342474,0.024418960654,0.024418960654,9720000.0,9729000.0,9723600.0,9729000.0,3600.0,9000.0,112
193,WLW4,0.744667303128,0.749799922219,0.812413645873,0.651052144864,0.067746342745,0.161361501009,9729000.0,10024200.0,9730800.0,9756000.0,1800.0,295200.0,112
194,WLW4,0.66901799893,0.863156949527,0.869445821499,0.411112027003,0.200427822569,0.458333794496,10024200.0,11795400.0,10063800.0,10065600.0,39600.0,1771200.0,116
195,WLW4,0.449889253166,0.745717291954,0.745717291954,0.449889253166,0.295828038788,0.295828038788,11795400.0,12223800.0,11858400.0,11858400.0,63000.0,428400.0,136
196,WLW4,0.578390202954,0.816665362631,0.837594178905,0.578390202954,0.259203975951,0.259203975951,12223800.0,12267000.0,12245400.0,12267000.0,21600.0,43200.0,141
197,WLW4,0.837594178905,0.918874980325,0.933218320706,0.557886398664,0.095624141801,0.375331922042,12267000.0,14623200.0,12294000.0,12312000.0,27000.0,2356200.0,141
198,WLW4,0.834489589291,0.908880745939,0.952833060112,0.348226072962,0.118343470821,0.60460698715,14623200.0,15980400.0,14646600.0,14666400.0,23400.0,1357200.0,169
199,WLW4,0.421553359056,0.870781867057,0.888083447856,0.421553359056,0.4665300888,0.4665300888,15980400.0,16074000.0,16003800.0,15998400.0,23400.0,93600.0,184
200,WLW4,0.813005893355,0.946371703955,1.08123944565,0.813005893355,0.268233552295,0.268233552295,16074000.0,20233800.0,16111800.0,18554400.0,37800.0,4159800.0,186
201,WLW4,1.05263658074,1.16209193645,1.26044336971,0.691876011945,0.20780678897,0.568567357765,20233800.0,30585600.0,20268000.0,22831200.0,34200.0,10351800.0,234
202,WLW4,0.72126414972,0.739388421793,0.745429845817,0.662917342321,0.024165696097,0.082512503496,30585600.0,30686400.0,30591000.0,30592800.0,5400.0,100800.0,354
203,WLW4,0.672920634815,0.876490931358,0.903792222248,0.328622657876,0.230871587433,0.575169564372,30686400.0,31600800.0,30715200.0,30787200.0,28800.0,914400.0,355
204,WLW4,0.342693539648,0.559821330557,0.569039420245,0.342693539648,0.226345880597,0.226345880597,31600800.0,31775400.0,31626000.0,31622400.0,25200.0,174600.0,0
205,WLW4,0.442336243755,0.608372120462,0.61392335993,0.208223390851,0.171587116175,0.405699969079,31775400.0,32450400.0,31815000.0,31816800.0,39600.0,675000.0,2
206,WLW4,0.235947958194,0.513225312319,0.519786347095,0.235947958194,0.283838388901,0.283838388901,32450400.0,32594400.0,32491800.0,32493600.0,41400.0,144000.0,10
207,WLW4,0.409108800494,0.867255725848,0.897379406551,0.409108800494,0.488270606057,0.488270606057,32594400.0,33039000.0,32616000.0,32644800.0,21600.0,444600.0,12
208,WLW4,0.513025516023,0.659242952383,0.662547541658,-0.0181887327913,0.149522025635,0.680736274449,33039000.0,39934800.0,33066000.0,33069600.0,27000.0,6895800.0,17
209,WLW4,-0.00375129018161,0.826396919854,0.838597984774,-0.00375129018161,0.842349274956,0.842349274956,39934800.0,40622400.0,39965400.0,39960000.0,30600.0,687600.0,97
210,WLW4,0.269057054789,0.840152401087,0.872683754,0.269057054789,0.603626699211,0.603626699211,40622400.0,41481000.0,40678200.0,40780800.0,55800.0,858600.0,105
211,WLW4,0.672537942422,0.812379450074,0.820895381164,0.672537942422,0.148357438742,0.148357438742,41481000.0,41704200.0,41506200.0,41522400.0,25200.0,223200.0,115
212,WLW4,0.768497260411,0.846562833582,0.852784959225,0.676610351512,0.084287698814,0.176174607713,41704200.0,42640200.0,41725800.0,41738400.0,21600.0,936000.0,117
213,WLW4,0.694338457237,0.856065019878,0.920595253546,0.320642533605,0.226256796309,0.599952719941,42640200.0,47503800.0,42679800.0,43113600.0,39600.0,4863600.0,128
214,WLW4,0.383590192351,0.718837337638,0.817717039157,0.383590192351,0.434126846806,0.434126846806,47503800.0,48519000.0,47561400.0,47628000.0,57600.0,1015200.0,184
215,WLW4,0.59063297235,0.796033726352,0.822647225472,0.422816704379,0.232014253122,0.399830521093,48519000.0,50538600.0,48547800.0,48636000.0,28800.0,2019600.0,196
216,WLW4,0.468213405307,0.648604381748,0.91903849417,0.468213405307,0.450825088863,0.450825088863,50538600.0,51003000.0,50585400.0,51003000.0,46800.0,464400.0,219
217,WLW4,0.91903849417,0.945230483043,0.959044954312,0.91903849417,0.040006460142,0.040006460142,51003000.0,51017400.0,51012000.0,51017400.0,9000.0,14400.0,225
218,WLW4,0.959044954312,1.06774163567,1.1852352232,0.959044954312,0.226190268888,0.226190268888,51017400.0,61509600.0,51049800.0,51876000.0,32400.0,10492200.0,225
219,WLW4,1.03522843905,1.04490444787,1.04974245229,1.03522843905,0.01451401324,0.01451401324,61509600.0,61515000.0,61513200.0,61515000.0,3600.0,5400.0,346
220,WLW4,1.04974245229,1.07086245166,1.13638073537,0.754111806623,0.08663828308,0.382268928747,61515000.0,65061000.0,61522200.0,61704000.0,7200.0,3546000.0,346
221,WLW4,0.765925862115,0.870980362548,0.872407739165,0.1705929301,0.10648187705,0.701814809065,65061000.0,66409200.0,65082600.0,65080800.0,21600.0,1348200.0,23
222,WLW4,0.230727548052,0.278739093992,0.312346908247,0.197501869001,0.081619360195,0.114845039246,66409200.0,66711600.0,66425400.0,66477600.0,16200.0,302400.0,38
223,WLW4,0.211556313258,0.808900939327,0.849547650038,0.211556313258,0.63799133678,0.63799133678,66711600.0,67415400.0,66735000.0,66787200.0,23400.0,703800.0,42
224,WLW4,0.350277484223,0.790487923115,0.793246794042,0.350277484223,0.442969309819,0.442969309819,67415400.0,67663800.0,67465800.0,67464000.0,50400.0,248400.0,50
225,WLW4,0.549987547304,0.851729180406,0.858945517791,0.547122009555,0.308957970487,0.311823508236,67663800.0,67899600.0,67685400.0,67680000.0,21600.0,235800.0,53
226,WLW4,0.655714741158,0.860703134435,0.862605171638,0.655714741158,0.20689043048,0.20689043048,67899600.0,68110200.0,67939200.0,67946400.0,39600.0,210600.0,55
227,WLW4,0.781656118059,0.796243486717,0.866461153948,0.345656750018,0.084805035889,0.52080440393,68110200.0,69427800.0,68115600.0,68241600.0,5400.0,1317600.0,58
228,WLW4,0.34606775212,0.584064789019,0.588693585264,0.34606775212,0.242625833144,0.242625833144,69427800.0,69773400.0,69453000.0,69451200.0,25200.0,345600.0,73
229,WLW4,0.373746637961,0.764767681133,0.773065441828,0.373746637961,0.399318803867,0.399318803867,69773400.0,69822000.0,69802200.0,69796800.0,28800.0,48600.0,77
230,WLW4,0.753452198856,0.82185863925,0.82185863925,0.345735797235,0.068406440394,0.476122842015,69822000.0,70644600.0,69840000.0,69840000.0,18000.0,822600.0,78
231,WLW4,0.347104400926,0.628302388976,0.634462156099,0.347104400926,0.287357755173,0.287357755173,70644600.0,70691400.0,70666200.0,70660800.0,21600.0,46800.0,87
232,WLW4,0.612518839281,0.82678956229,0.86497459782,0.612518839281,0.252455758539,0.252455758539,70691400.0,72628200.0,70734600.0,71128800.0,43200.0,1936800.0,88
233,WLW4,0.706265121832,0.819337313482,0.820719544636,0.706265121832,0.114454422804,0.114454422804,72628200.0,72856800.0,72649800.0,72648000.0,21600.0,228600.0,110
234,WLW5,0.203562821664,0.342822152371,0.343938379167,0.179375709139,0.140375557503,0.164562670028,365400.0,727200.0,390600.0,388800.0,25200.0,361800.0,4
235,WLW5,0.179375709139,0.425488827037,0.426740431964,0.179375709139,0.247364722825,0.247364722825,727200.0,1071000.0,754200.0,763200.0,27000.0,343800.0,8
236,WLW5,0.25744468466,0.523386651587,0.523386651587,0.25744468466,0.265941966927,0.265941966927,1071000.0,1242000.0,1101600.0,1101600.0,30600.0,171000.0,12
237,WLW5,0.350087709509,0.906088414868,0.933455768003,0.344164211743,0.583368058494,0.58929155626,1242000.0,1319400.0,1260000.0,1252800.0,18000.0,77400.0,14
238,WLW5,0.754593347576,0.870838995813,0.874526298349,0.455503236775,0.119932950773,0.419023061574,1319400.0,1641600.0,1333800.0,1332000.0,14400.0,322200.0,15
239,WLW5,0.455551436464,0.674798625774,0.679196936011,0.455551436464,0.223645499547,0.223645499547,1641600.0,1720800.0,1670400.0,1677600.0,28800.0,79200.0,19
240,WLW5,0.627428236348,0.867203400763,0.869148258903,0.122060582904,0.241720022555,0.747087675999,1720800.0,2921400.0,1746000.0,1742400.0,25200.0,1200600.0,19
241,WLW5,0.122060582904,0.511503197792,0.527346640002,0.121606155864,0.405286057098,0.405740484138,2921400.0,2953800.0,2950200.0,2944800.0,28800.0,32400.0,33
242,WLW5,0.520876710279,0.741328539593,0.76356530046,0.439339265422,0.242688590181,0.324226035038,2953800.0,3204000.0,2989800.0,3009600.0,36000.0,250200.0,34
243,WLW5,0.439339265422,0.82112786382,0.825885431199,0.439339265422,0.386546165777,0.386546165777,3204000.0,3432600.0,3247200.0,3254400.0,43200.0,228600.0,37
244,WLW5,0.549723416181,0.853834758894,0.867755460299,0.549078913987,0.318032044118,0.318676546312,3432600.0,3529800.0,3452400.0,3448800.0,19800.0,97200.0,39
245,WLW5,0.744586997719,0.854934734437,0.861019514635,0.744586997719,0.116432516916,0.116432516916,3529800.0,3600000.0,3551400.0,3549600.0,21600.0,70200.0,40
246,WLW5,0.79224159675,0.975187959287,0.979268772599,0.756771431054,0.187027175849,0.222497341545,3600000.0,3949200.0,3639600.0,3643200.0,39600.0,349200.0,41
247,WLW5,0.770233642697,0.834212027027,0.88092006288,0.738807836658,0.110686420183,0.142112226222,3949200.0,4195800.0,3969000.0,4046400.0,19800.0,246600.0,45
248,WLW5,0.738807836658,1.00337105691,1.00355925085,0.738493722413,0.264751414192,0.265065528437,4195800.0,4474800.0,4217400.0,4219200.0,21600.0,279000.0,48
249,WLW5,0.896222034544,0.945358270567,0.950761484943,0.481421341088,0.054539450399,0.469340143855,4474800.0,5216400.0,4487400.0,4492800.0,12600.0,741600.0,51
250,WLW5,0.496562004181,0.670133640469,0.705662261687,0.496562004181,0.209100257506,0.209100257506,5216400.0,5364000.0,5252400.0,5270400.0,36000.0,147600.0,60
251,WLW5,0.616742984853,0.715232186497,0.760318814696,0.222033412666,0.143575829843,0.53828540203,5364000.0,7077600.0,5391000.0,5436000.0,27000.0,1713600.0,62
252,WLW5,0.254091098344,0.342730517691,0.408059074789,0.254091098344,0.153967976445,0.153967976445,7077600.0,7135200.0,7106400.0,7135200.0,28800.0,57600.0,81
253,WLW5,0.408059074789,0.45642289514,0.558583882581,0.408059074789,0.150524807792,0.150524807792,7135200.0,7241400.0,7151400.0,7241400.0,16200.0,106200.0,82
254,WLW5,0.558583882581,0.852582888662,0.855054549557,0.558583882581,0.296470666976,0.296470666976,7241400.0,7655400.0,7270200.0,7279200.0,28800.0,414000.0,83
255,WLW5,0.57110625429,0.927655580942,0.936596123461,0.57110625429,0.365489869171,0.365489869171,7655400.0,8215200.0,7704000.0,7718400.0,48600.0,559800.0,88
256,WLW5,0.613852493452,0.818102569604,0.824166722142,0.607477547439,0.21031422869,0.216689174703,8215200.0,8523000.0,8233200.0,8229600.0,18000.0,307800.0,95
257,WLW5,0.608841528619,0.855059260745,0.861034408092,0.45439101962,0.252192879473,0.406643388472,8523000.0,9376200.0,8550000.0,8546400.0,27000.0,853200.0,98
258,WLW5,0.464316526927,0.931798739516,0.931798739516,0.464316526927,0.467482212589,0.467482212589,9376200.0,9729000.0,9453600.0,9453600.0,77400.0,352800.0,108
259,WLW5,0.779054121538,0.891126631534,0.894169828085,0.739646974344,0.115115706547,0.154522853741,9729000.0,10029600.0,9750600.0,9748800.0,21600.0,300600.0,112
260,WLW5,0.7583635242,0.934143682787,0.934143682787,0.567996792186,0.175780158587,0.366146890601,10029600.0,11790000.0,10065600.0,10065600.0,36000.0,1760400.0,116
261,WLW5,0.624050335911,0.850479970446,0.893545022002,0.624050335911,0.269494686091,0.269494686091,11790000.0,12220200.0,11840400.0,11858400.0,50400.0,430200.0,136
262,WLW5,0.775658095829,0.944543476797,0.998367347474,0.607411702713,0.222709251645,0.390955644761,12220200.0,15985800.0,12249000.0,12304800.0,28800.0,3765600.0,141
263,WLW5,0.689483481794,0.822622307713,0.927200913536,0.689483481794,0.237717431742,0.237717431742,15985800.0,16092000.0,16023600.0,16092000.0,37800.0,106200.0,185
264,WLW5,0.927200913536,0.948555887296,1.06169468685,0.927200913536,0.134493773314,0.134493773314,16092000.0,20237400.0,16099200.0,18460800.0,7200.0,4145400.0,186
265,WLW5,1.03162527152,1.14688714255,1.24309537362,0.865209946248,0.2114701021,0.377885427372,20237400.0,29388600.0,20273400.0,22831200.0,36000.0,9151200.0,234
266,WLW5,0.907930088913,0.969688913772,0.969962890872,0.800963268421,0.062032801959,0.168999622451,29388600.0,29655000.0,29406600.0,29404800.0,18000.0,266400.0,340
267,WLW5,0.821742886854,0.84188828007,0.851864370145,0.821742886854,0.030121483291,0.030121483291,29655000.0,29665800.0,29662200.0,29665800.0,7200.0,10800.0,343
268,WLW5,0.851864370145,0.863003981136,0.910731542826,0.714882636164,0.058867172681,0.195848906662,29665800.0,29896200.0,29669400.0,29692800.0,3600.0,230400.0,343
269,WLW5,0.731445372523,0.892271102583,0.898922588616,0.707265595892,0.167477216093,0.191656992724,29896200.0,30123000.0,29919600.0,29916000.0,23400.0,226800.0,346
270,WLW5,0.717755914808,0.970683727973,0.977277011814,0.577143539083,0.259521097006,0.400133472731,30123000.0,30582000.0,30144600.0,30139200.0,21600.0,459000.0,348
271,WLW5,0.591811857743,0.654446629628,0.654446629628,0.553492218459,0.062634771885,0.100954411169,30582000.0,30691800.0,30600000.0,30600000.0,18000.0,109800.0,353
272,WLW5,0.553492218459,0.874166608323,0.876889164289,0.551049592303,0.32339694583,0.325839571986,30691800.0,30754800.0,30717000.0,30715200.0,25200.0,63000.0,355
273,WLW5,0.853904174258,0.963273729781,0.966250428818,0.377903740018,0.11234625456,0.5883466888,30754800.0,31599000.0,30774600.0,30772800.0,19800.0,844200.0,355
274,WLW5,0.38479295476,0.617400178991,0.624611728822,0.38479295476,0.239818774062,0.239818774062,31599000.0,31775400.0,31626000.0,31622400.0,27000.0,176400.0,0
275,WLW5,0.487791475323,0.671055401084,0.671055401084,0.285695370058,0.183263925761,0.385360031026,31775400.0,32468400.0,31816800.0,31816800.0,41400.0,693000.0,2
276,WLW5,0.346562221443,0.65768074992,0.67622329014,0.346562221443,0.329661068697,0.329661068697,32468400.0,32598000.0,32491800.0,32486400.0,23400.0,129600.0,10
277,WLW5,0.578167857117,0.977790732065,0.979390622021,0.578167857117,0.401222764904,0.401222764904,32598000.0,33040800.0,32634000.0,32637600.0,36000.0,442800.0,12
278,WLW5,0.621744983633,0.79776388592,0.804490121013,0.0211535058978,0.18274513738,0.783336615115,33040800.0,35271000.0,33066000.0,33062400.0,25200.0,2230200.0,17
279,WLW5,0.0414941454543,0.0982228248605,0.148027159037,-0.00739389875442,0.106533013583,0.155421057791,35271000.0,39915000.0,35290800.0,35316000.0,19800.0,4644000.0,43
280,WLW5,-6.42693244355e-06,0.942931056304,0.946276670036,-0.000565436929158,0.946283096968,0.946842106965,39915000.0,40622400.0,39970800.0,39967200.0,55800.0,707400.0,96
281,WLW5,0.438668372526,0.960180978233,0.977516029428,0.438668372526,0.538847656902,0.538847656902,40622400.0,41482800.0,40683600.0,40780800.0,61200.0,860400.0,105
282,WLW5,0.827102535888,0.942548063556,0.946905620815,0.827102535888,0.119803084927,0.119803084927,41482800.0,41711400.0,41515200.0,41522400.0,32400.0,228600.0,115
283,WLW5,0.881989711766,0.967217337397,0.967217337397,0.832866104233,0.085227625631,0.134351233164,41711400.0,42651000.0,41731200.0,41731200.0,19800.0,939600.0,117
284,WLW5,0.854179000556,0.964765017022,0.969866144755,0.854179000556,0.115687144199,0.115687144199,42651000.0,42874200.0,42676200.0,42681600.0,25200.0,223200.0,128
285,WLW5,0.929260355459,0.939566814865,0.987010109127,0.453522310367,0.057749753668,0.53348779876,42874200.0,47498400.0,42877800.0,42948000.0,3600.0,4624200.0,131
286,WLW5,0.545073383605,0.814836809327,0.902444339482,0.545073383605,0.357370955877,0.357370955877,47498400.0,48526200.0,47545200.0,47642400.0,46800.0,1027800.0,184
287,WLW5,0.745503212313,0.958152056445,0.960163950838,0.699858448982,0.214660738525,0.260305501856,48526200.0,50547600.0,48547800.0,48542400.0,21600.0,2021400.0,196
288,WLW5,0.773779073632,0.949149990793,1.16637505968,0.773779073632,0.392595986048,0.392595986048,50547600.0,63680400.0,50594400.0,51861600.0,46800.0,13132800.0,220
289,WLW5,0.850381909682,0.916355905925,0.916355905925,0.689954636048,0.065973996243,0.226401269877,63680400.0,64004400.0,63698400.0,63698400.0,18000.0,324000.0,7
290,WLW5,0.713227636883,0.971242360321,0.972013041989,0.536242067056,0.258785405106,0.435770974933,64004400.0,65066400.0,64060200.0,64195200.0,55800.0,1062000.0,10
291,WLW5,0.536242067056,0.746956712225,0.750514958104,0.230475805134,0.214272891048,0.52003915297,65066400.0,66713400.0,65084400.0,65080800.0,18000.0,1647000.0,23
292,WLW5,0.252041624734,0.822347512186,0.840767109675,0.251876409453,0.588725484941,0.588890700222,66713400.0,66747600.0,66744000.0,66747600.0,30600.0,34200.0,42
293,WLW5,0.840767109675,0.908496954243,0.934722009647,0.468532257609,0.093954899972,0.466189752038,66747600.0,67413600.0,66765600.0,66787200.0,18000.0,666000.0,42
294,WLW5,0.46994282655,0.89840898124,0.911125670016,0.46994282655,0.441182843466,0.441182843466,67413600.0,67671000.0,67460400.0,67456800.0,46800.0,257400.0,50
295,WLW5,0.648333918696,0.924037331985,0.937066646238,0.645553885388,0.288732727542,0.29151276085,67671000.0,67897800.0,67692600.0,67687200.0,21600.0,226800.0,53
296,WLW5,0.762561277019,0.915035642608,0.929667630508,0.762561277019,0.167106353489,0.167106353489,67897800.0,67930200.0,67924800.0,67930200.0,27000.0,32400.0,55
297,WLW5,0.929667630508,0.960993621934,0.963396934849,0.841433456275,0.033729304341,0.121963478574,67930200.0,68108400.0,67939200.0,67946400.0,9000.0,178200.0,56
298,WLW5,0.856807392443,0.879792833272,0.968816094315,0.464377245813,0.112008701872,0.504438848502,68108400.0,69424200.0,68115600.0,68248800.0,7200.0,1315800.0,58
299,WLW5,0.478132067536,0.682755891357,0.689891995175,0.472988049201,0.211759927639,0.216903945974,69424200.0,69773400.0,69454800.0,69458400.0,30600.0,349200.0,73
300,WLW5,0.492039266951,0.866372610592,0.875607146256,0.492039266951,0.383567879305,0.383567879305,69773400.0,69823800.0,69802200.0,69796800.0,28800.0,50400.0,77
301,WLW5,0.852065307513,0.917577247532,0.917577247532,0.52718145033,0.065511940019,0.390395797202,69823800.0,70644600.0,69840000.0,69840000.0,16200.0,820800.0,78
302,WLW5,0.52718145033,0.813873977995,0.826227223986,0.526292664675,0.299045773656,0.299934559311,70644600.0,70704000.0,70666200.0,70660800.0,21600.0,59400.0,87
303,WLW5,0.771617305875,0.942304352353,0.973343304275,0.767900056337,0.2017259984,0.205443247938,70704000.0,72628200.0,70727400.0,71136000.0,23400.0,1924200.0,88
304,WLW6,0.0165170804538,0.670450021366,0.698407864649,0.0165170804538,0.681890784195,0.681890784195,3610800.0,4197600.0,3634200.0,3628800.0,23400.0,586800.0,41
305,WLW6,0.276560025818,0.588422870844,0.593695718233,-0.00807314075655,0.317135692415,0.60176885899,4197600.0,7678800.0,4242600.0,4240800.0,45000.0,3481200.0,48
306,WLW6,0.105903621145,0.268967035054,0.305639604407,0.105903621145,0.199735983262,0.199735983262,7678800.0,9428400.0,7723800.0,7761600.0,45000.0,1749600.0,88
307,WLW6,0.15732138043,0.297089433375,0.428832799417,0.15732138043,0.271511418987,0.271511418987,9428400.0,12249000.0,9468000.0,10116000.0,39600.0,2820600.0,109
308,WLW6,0.399779086994,0.425784723416,0.453736889563,0.399779086994,0.053957802569,0.053957802569,12249000.0,12268800.0,12258000.0,12268800.0,9000.0,19800.0,141
309,WLW6,0.453736889563,0.657190995491,0.675748289814,0.453736889563,0.222011400251,0.222011400251,12268800.0,12317400.0,12310200.0,12317400.0,41400.0,48600.0,142
310,WLW6,0.675748289814,0.702863087053,0.710252694625,0.423646023166,0.034504404811,0.286606671459,12317400.0,14635800.0,12324600.0,12326400.0,7200.0,2318400.0,142
311,WLW6,0.546720212526,0.850227503964,0.850430021263,0.546720212526,0.303709808737,0.303709808737,14635800.0,15294600.0,14682600.0,14688000.0,46800.0,658800.0,169
312,WLW6,0.681544147888,0.874915794157,0.88436692768,0.516439854033,0.202822779792,0.367927073647,15294600.0,16092000.0,15336000.0,15400800.0,41400.0,797400.0,177
313,WLW6,0.64211403775,0.796411869056,0.808445307632,0.64211403775,0.166331269882,0.166331269882,16092000.0,16498800.0,16117200.0,16142400.0,25200.0,406800.0,186
314,WLW6,0.742918407642,0.912340803273,0.967849058401,0.669386715193,0.224930650759,0.298462343208,16498800.0,18360000.0,16549200.0,16812000.0,50400.0,1861200.0,190
315,WLW6,0.69574693666,0.947396801265,0.949108922895,0.69574693666,0.253361986235,0.253361986235,18360000.0,19807200.0,18405000.0,18403200.0,45000.0,1447200.0,212
316,WLW6,0.730623554811,0.843500785746,0.846512956467,0.715527168343,0.115889401656,0.130985788124,19807200.0,20176200.0,19825200.0,19821600.0,18000.0,369000.0,229
317,WLW6,0.725175857197,0.820587915746,0.821374082927,0.725175857197,0.09619822573,0.09619822573,20176200.0,20239200.0,20197800.0,20196000.0,21600.0,63000.0,233
318,WLW6,0.80770503289,0.955311828662,0.959005788522,0.733331495173,0.151300755632,0.225674293349,20239200.0,21591000.0,20264400.0,20260800.0,25200.0,1351800.0,234
319,WLW6,0.754605985485,0.865992869472,0.912246847305,0.754605985485,0.15764086182,0.15764086182,21591000.0,21904200.0,21627000.0,21708000.0,36000.0,313200.0,249
320,WLW6,0.82584124059,0.942245459481,0.94291561204,0.82584124059,0.11707437145,0.11707437145,21904200.0,22363200.0,21925800.0,21924000.0,21600.0,459000.0,253
321,WLW6,0.893057369173,0.910100663032,0.957368747076,0.755307287519,0.064311377903,0.202061459557,22363200.0,24539400.0,22368600.0,23378400.0,5400.0,2176200.0,258
322,WLW6,0.795666024977,0.809360601261,0.816207889403,0.631911111898,0.020541864426,0.184296777505,24539400.0,25160400.0,24543000.0,24544800.0,3600.0,621000.0,284
323,WLW6,0.647565014696,0.813582744075,0.8138846687,0.647565014696,0.166319654004,0.166319654004,25160400.0,25389000.0,25201800.0,25207200.0,41400.0,228600.0,291
324,WLW6,0.709370619271,0.951065023478,0.951321083033,0.709370619271,0.241950463762,0.241950463762,25389000.0,26227800.0,25434000.0,25430400.0,45000.0,838800.0,293
325,WLW6,0.766318500019,0.942364839767,0.947264317725,0.766318500019,0.180945817706,0.180945817706,26227800.0,26375400.0,26247600.0,26244000.0,19800.0,147600.0,303
326,WLW6,0.858977846755,0.94959315725,0.94959315725,0.58734832425,0.090615310495,0.362244833,26375400.0,27194400.0,26395200.0,26395200.0,19800.0,819000.0,305
327,WLW6,0.684655419455,0.744428089522,0.785111195865,0.625783508081,0.10045577641,0.159327687784,27194400.0,27482400.0,27212400.0,27230400.0,18000.0,288000.0,314
328,WLW6,0.673844856623,0.795735731137,0.856864648254,0.673844856623,0.183019791631,0.183019791631,27482400.0,27743400.0,27520200.0,27597600.0,37800.0,261000.0,318
329,WLW6,0.737824955677,0.828722372796,0.829503200292,-0.00950164346845,0.091678244615,0.83900484376,27743400.0,40672800.0,27757800.0,27756000.0,14400.0,12929400.0,321
330,WLW6,-0.0036588751995,0.440982598384,0.463658224968,-0.0036588751995,0.467317100167,0.467317100167,40672800.0,40761000.0,40721400.0,40761000.0,48600.0,88200.0,105
331,WLW6,0.463658224968,0.559747298052,0.570349178729,0.463658224968,0.106690953761,0.106690953761,40761000.0,40795200.0,40789800.0,40795200.0,28800.0,34200.0,106
332,WLW6,0.570349178729,0.604574978142,0.604574978142,0.359511303187,0.034225799413,0.245063674955,40795200.0,41499000.0,40802400.0,40802400.0,7200.0,703800.0,107
333,WLW6,0.378850261048,0.393543367591,0.417404931877,0.378850261048,0.038554670829,0.038554670829,41499000.0,41513400.0,41504400.0,41513400.0,5400.0,14400.0,115
334,WLW6,0.417404931877,0.455316041257,0.508866576153,0.417404931877,0.091461644276,0.091461644276,41513400.0,41725800.0,41526000.0,41725800.0,12600.0,212400.0,115
335,WLW6,0.508866576153,0.595199639832,0.60140412734,0.431484543524,0.092537551187,0.169919583816,41725800.0,42652800.0,41751000.0,41781600.0,25200.0,927000.0,117
336,WLW6,0.454209056268,0.675527355306,0.675527355306,0.454209056268,0.221318299038,0.221318299038,42652800.0,42865200.0,42696000.0,42696000.0,43200.0,212400.0,128
337,WLW6,0.626968938467,0.746143619089,0.772478684595,0.626968938467,0.145509746128,0.145509746128,42865200.0,42912000.0,42899400.0,42912000.0,34200.0,46800.0,131
338,WLW6,0.772478684595,0.924309007807,0.926718725026,0.251282410093,0.154240040431,0.675436314933,42912000.0,47541600.0,42949800.0,42948000.0,37800.0,4629600.0,131
339,WLW6,0.309619636907,0.390224551168,0.486258315283,0.309619636907,0.176638678376,0.176638678376,47541600.0,48526200.0,47566800.0,47656800.0,25200.0,984600.0,185
340,WLW6,0.358853081424,0.564011282852,0.602528755015,0.358853081424,0.243675673591,0.243675673591,48526200.0,50590800.0,48553200.0,49024800.0,27000.0,2064600.0,196
341,WLW6,0.477829982739,0.666811968213,0.693321590419,0.477829982739,0.21549160768,0.21549160768,50590800.0,50653800.0,50643000.0,50653800.0,52200.0,63000.0,220
342,WLW6,0.693321590419,0.698987861898,0.710320404857,0.670280288436,0.016998814438,0.040040116421,50653800.0,50954400.0,50655600.0,50659200.0,1800.0,300600.0,221
343,WLW6,0.693785974982,0.942489888117,0.951635303407,0.693785974982,0.257849328425,0.257849328425,50954400.0,51804000.0,50999400.0,51033600.0,45000.0,849600.0,224
344,WLW6,0.874923823325,0.90130305659,0.943249139212,0.826020347004,0.068325315887,0.117228792208,51804000.0,52216200.0,51813000.0,51840000.0,9000.0,412200.0,234
345,WLW6,0.869888829333,0.880889447165,0.900484603977,0.753304167028,0.030595774644,0.147180436949,52216200.0,52956000.0,52219800.0,52243200.0,3600.0,739800.0,239
346,WLW6,0.781936424993,0.786776833717,0.839419035092,0.762192527879,0.057482610099,0.077226507213,52956000.0,53200800.0,52957800.0,52984800.0,1800.0,244800.0,247
347,WLW6,0.810223041169,0.889823401479,0.901528289367,0.71521466283,0.091305248198,0.186313626537,53200800.0,54032400.0,53222400.0,53244000.0,21600.0,831600.0,250
348,WLW6,0.745135535836,0.869819053281,0.883275613264,0.688611937045,0.138140077428,0.194663676219,54032400.0,55594800.0,54064800.0,54079200.0,32400.0,1562400.0,260
349,WLW6,0.702680989577,0.795097894749,0.859210155424,0.702680989577,0.156529165847,0.156529165847,55594800.0,55686600.0,55620000.0,55686600.0,25200.0,91800.0,278
350,WLW6,0.859210155424,0.890927934985,0.921567771865,0.643629649776,0.062357616441,0.277938122089,55686600.0,57204000.0,55697400.0,55720800.0,10800.0,1517400.0,279
351,WLW6,0.643629649776,0.85974477022,0.904968984999,0.643629649776,0.261339335223,0.261339335223,57204000.0,57778200.0,57231000.0,57276000.0,27000.0,574200.0,297
352,WLW6,0.676160448922,0.908421813864,0.915901929003,0.676160448922,0.239741480081,0.239741480081,57778200.0,57942000.0,57798000.0,57794400.0,19800.0,163800.0,303
353,WLW6,0.779149550768,0.84237179424,0.84237179424,0.779149550768,0.063222243472,0.063222243472,57942000.0,58042800.0,57960000.0,57960000.0,18000.0,100800.0,305
354,WLW6,0.826481133299,0.890912195389,0.944404898159,0.779043929106,0.11792376486,0.165360969053,58042800.0,58633200.0,58060800.0,58291200.0,18000.0,590400.0,306
355,WLW6,0.796073118492,0.848255540133,0.855471100433,0.758561310081,0.059397981941,0.096909790352,58633200.0,58809600.0,58649400.0,58651200.0,16200.0,176400.0,313
356,WLW6,0.759785778797,0.932555420936,0.932903178645,0.294618693386,0.173117399848,0.638284485259,58809600.0,60377400.0,58834800.0,58831200.0,25200.0,1567800.0,315
357,WLW6,0.296889907982,0.646954525571,0.651215112601,0.296889907982,0.354325204619,0.354325204619,60377400.0,60458400.0,60402600.0,60400800.0,25200.0,81000.0,333
358,WLW6,0.589642391221,0.709078281302,0.713556141245,0.589642391221,0.123913750024,0.123913750024,60458400.0,60525000.0,60478200.0,60480000.0,19800.0,66600.0,334
359,WLW6,0.649026617058,0.755029379843,0.799986876237,0.649026617058,0.150960259179,0.150960259179,60525000.0,60618600.0,60548400.0,60618600.0,23400.0,93600.0,335
360,WLW6,0.799986876237,0.806035643931,0.818133179319,0.507685691632,0.018146303082,0.310447487687,60618600.0,61048800.0,60620400.0,60624000.0,1800.0,430200.0,336
361,WLW6,0.508016277251,0.69962951587,0.711697914769,0.374679694896,0.203681637518,0.337018219873,61048800.0,61466400.0,61074000.0,61070400.0,25200.0,417600.0,341
362,WLW6,0.392770929329,0.934821373616,0.942993616813,0.392770929329,0.550222687484,0.550222687484,61466400.0,61970400.0,61515000.0,61588800.0,48600.0,504000.0,346
363,WLW6,0.662205198013,0.844800896414,0.852999237387,0.355630110371,0.190794039374,0.497369127016,61970400.0,62659800.0,61988400.0,61984800.0,18000.0,689400.0,352
364,WLW6,0.369423551102,0.61889139741,0.61990248522,0.109868986234,0.250478934118,0.510033498986,62659800.0,64038600.0,62692200.0,62690400.0,32400.0,1378800.0,360
365,WLW6,0.124878524629,0.293608481697,0.41733679793,-0.0150152149593,0.292458273301,0.432352012889,64038600.0,67923000.0,64076400.0,64216800.0,37800.0,3884400.0,11
366,WLW6,0.0933157446395,0.530427090783,0.538520336328,0.0933157446395,0.445204591689,0.445204591689,67923000.0,68227200.0,67944600.0,67939200.0,21600.0,304200.0,56
367,WLW6,0.441345130206,0.651916249837,0.657851072678,0.142576184893,0.216505942472,0.515274887785,68227200.0,69796800.0,68252400.0,68248800.0,25200.0,1569600.0,59
368,WLW6,0.200625183632,0.258995821707,0.327830373393,0.174027729225,0.127205189761,0.153802644168,69796800.0,70704000.0,69816600.0,69890400.0,19800.0,907200.0,77
369,WLW6,0.200104920181,0.384361072271,0.447793760076,0.200104920181,0.247688839895,0.247688839895,70704000.0,70826400.0,70745400.0,70826400.0,41400.0,122400.0,88
370,WLW6,0.447793760076,0.527623570949,0.528075782613,0.447793760076,0.080282022537,0.080282022537,70826400.0,70876800.0,70848000.0,70855200.0,21600.0,50400.0,89
371,WLW6,0.520147401902,0.759189850649,0.765021329325,0.520147401902,0.244873927423,0.244873927423,70876800.0,71107200.0,70902000.0,70898400.0,25200.0,230400.0,90
372,WLW6,0.634048939469,0.799574003041,0.804495966412,0.475538990177,0.170447026943,0.328956976235,71107200.0,72635400.0,71134200.0,71136000.0,27000.0,1528200.0,92
373,WLW6,0.500623458405,0.53177227718,0.570021176222,0.500623458405,0.069397717817,0.069397717817,72635400.0,72869400.0,72646200.0,72669600.0,10800.0,234000.0,110
374,WLW6,0.509058877343,0.852333032601,0.857560123724,0.50814712683,0.348501246381,0.349412996894,72869400.0,73269000.0,72891000.0,72885600.0,21600.0,399600.0,113
375,WLW6,0.79231698364,0.853405520195,0.87220141946,0.79231698364,0.07988443582,0.07988443582,73269000.0,73294200.0,73287000.0,73294200.0,18000.0,25200.0,118
376,WLW6,0.87220141946,0.896161681354,0.908691149032,0.676828053706,0.036489729572,0.231863095326,73294200.0,74959200.0,73301400.0,73411200.0,7200.0,1665000.0,118
377,WLW6,0.74473664662,0.809628646223,0.816333999352,0.74473664662,0.071597352732,0.071597352732,74959200.0,75099600.0,74979000.0,74980800.0,19800.0,140400.0,137
378,WLW6,0.779634282981,0.935209605479,0.94257290704,0.669677395685,0.162938624059,0.272895511355,75099600.0,76654800.0,75121200.0,75607200.0,21600.0,1555200.0,139
379,WLW6,0.708853534247,0.937336179953,0.937915823685,0.697323039629,0.229062289438,0.240592784056,76654800.0,77821200.0,76698000.0,76694400.0,43200.0,1166400.0,157
380,WLW6,0.766625006179,0.923445967333,0.928365915711,0.766625006179,0.161740909532,0.161740909532,77821200.0,78166800.0,77862600.0,77882400.0,41400.0,345600.0,170
381,WLW6,0.853420380208,0.914215280295,0.937488226674,0.812330750136,0.084067846466,0.125157476538,78166800.0,78782400.0,78186600.0,78206400.0,19800.0,615600.0,174
382,WLW6,0.844612962785,0.879839283507,0.917242005816,0.68802548427,0.072629043031,0.229216521546,78782400.0,80141400.0,78795000.0,78818400.0,12600.0,1359000.0,181
383,WLW6,0.763811122783,0.927811364212,0.927811364212,0.608798753873,0.164000241429,0.319012610339,80141400.0,81086400.0,80179200.0,80179200.0,37800.0,945000.0,197
384,WLW6,0.670231922221,0.945050374303,0.945311621238,0.670231922221,0.275079699017,0.275079699017,81086400.0,81864000.0,81138600.0,81136800.0,52200.0,777600.0,208
385,WLW6,0.847482041364,0.90035982456,0.915526595136,0.847482041364,0.068044553772,0.068044553772,81864000.0,81882000.0,81876600.0,81882000.0,12600.0,18000.0,217
386,WLW6,0.915526595136,0.94387462677,0.949492393023,0.748057369131,0.033965797887,0.201435023892,81882000.0,82852200.0,81891000.0,81892800.0,9000.0,970200.0,217
387,WLW6,0.851747470512,0.935552853937,0.947951928392,0.583551528383,0.09620445788,0.364400400009,82852200.0,84063600.0,82873800.0,82893600.0,21600.0,1211400.0,228
388,WLW6,0.631745536901,0.767500834448,0.777721277879,0.631745536901,0.145975740978,0.145975740978,84063600.0,84097800.0,84094200.0,84097800.0,30600.0,34200.0,242
389,WLW6,0.777721277879,0.807316519603,0.817906472617,0.738738447389,0.040185194738,0.079168025228,84097800.0,84375000.0,84106800.0,84110400.0,9000.0,277200.0,243
390,WLW6,0.797901628398,0.88458928648,0.932816613382,0.776640634995,0.134914984984,0.156175978387,84375000.0,85818600.0,84403800.0,84513600.0,28800.0,1443600.0,246
391,WLW6,0.815338079448,0.922124325595,0.924498412297,0.745802091767,0.109160332849,0.17869632053,85818600.0,86941800.0,85840200.0,85860000.0,21600.0,1123200.0,263
392,WLW6,0.761261967273,0.846158004232,0.870489241656,0.761261967273,0.109227274383,0.109227274383,86941800.0,86976000.0,86965200.0,86976000.0,23400.0,34200.0,276
393,WLW6,0.870489241656,0.882625117871,0.894760994086,0.771072732404,0.02427175243,0.123688261682,86976000.0,87139800.0,86979600.0,86983200.0,3600.0,163800.0,276
394,WLW6,0.789287001322,0.809772205085,0.824672760461,0.789287001322,0.035385759139,0.035385759139,87139800.0,87152400.0,87147000.0,87152400.0,7200.0,12600.0,278
395,WLW6,0.824672760461,0.917109263686,0.92788995311,0.785234491441,0.103217192649,0.142655461669,87152400.0,87886800.0,87177600.0,87530400.0,25200.0,734400.0,278
396,WLW6,0.801974232404,0.880833194789,0.887368787076,0.737331448662,0.085394554672,0.150037338414,87886800.0,88281000.0,87906600.0,87919200.0,19800.0,394200.0,287
