No. of images, node ID, date
11,001e06118509,2019/08/08
41,001e06118509,2019/08/27
48,001e06118509,2019/08/11
48,001e06118509,2019/08/14
11,001e06118509,2019/08/17
48,001e06118509,2019/08/09
48,001e06118509,2019/08/13
48,001e06118509,2019/08/16
6,001e06118509,2019/08/28
48,001e06118509,2019/08/12
48,001e06118509,2019/08/15
48,001e06118509,2019/08/10
33,001e06118509,2019/09/08
33,001e06118509,2019/09/11
43,001e06118509,2019/09/19
44,001e06118509,2019/09/17
40,001e06118509,2019/09/29
33,001e06118509,2019/09/13
45,001e06118509,2019/09/16
22,001e06118509,2019/09/30
2,001e06118509,2019/09/20
46,001e06118509,2019/09/12
24,001e06118509,2019/09/15
18,001e06118509,2019/09/10
45,001e06118509,2019/09/18
4,001e06118509,2019/07/23
19,001e06118509,2019/07/22
71,001e0611863a,2020/04/02
71,001e0611863a,2020/04/05
71,001e0611863a,2020/04/08
71,001e0611863a,2020/04/21
71,001e0611863a,2020/04/24
29,001e0611863a,2020/04/27
71,001e0611863a,2020/04/11
65,001e0611863a,2020/04/19
71,001e0611863a,2020/04/01
71,001e0611863a,2020/04/09
71,001e0611863a,2020/04/04
71,001e0611863a,2020/04/07
71,001e0611863a,2020/04/23
71,001e0611863a,2020/04/26
71,001e0611863a,2020/04/03
71,001e0611863a,2020/04/06
71,001e0611863a,2020/04/22
71,001e0611863a,2020/04/25
30,001e0611863a,2020/04/20
71,001e0611863a,2020/04/10
71,001e0611863a,2020/03/27
71,001e0611863a,2020/03/31
43,001e0611863a,2020/03/26
71,001e0611863a,2020/03/29
71,001e0611863a,2020/03/30
71,001e0611863a,2020/03/28
70,001e06118198,2020/04/02
69,001e06118198,2020/04/01
71,001e06118198,2020/04/03
67,001e06118198,2020/03/27
71,001e06118198,2020/03/31
10,001e06118198,2020/03/26
71,001e06118198,2020/03/29
71,001e06118198,2020/03/30
66,001e06118198,2020/03/28
25,001e0610ee43,2020/03/24
24,001e0610ee43,2020/03/23
12,001e0610ee43,2020/03/26
26,001e0610ee43,2020/03/25
48,001e061146cb,2020/03/24
37,001e061146cb,2020/03/23
35,001e061146cb,2020/03/26
48,001e061146cb,2020/03/25
13,001e06118501,2019/11/30
47,001e06118501,2019/12/02
5,001e06118501,2019/12/05
46,001e06118501,2019/12/08
22,001e06118501,2019/12/11
43,001e06118501,2019/12/01
48,001e06118501,2019/12/09
48,001e06118501,2019/12/04
48,001e06118501,2019/12/07
47,001e06118501,2019/12/03
44,001e06118501,2019/12/06
48,001e06118501,2019/12/10
71,001e06118501,2020/04/02
71,001e06118501,2020/04/05
71,001e06118501,2020/04/08
71,001e06118501,2020/04/21
71,001e06118501,2020/04/24
71,001e06118501,2020/04/11
71,001e06118501,2020/04/19
71,001e06118501,2020/04/14
71,001e06118501,2020/04/01
71,001e06118501,2020/04/09
71,001e06118501,2020/04/04
71,001e06118501,2020/04/07
71,001e06118501,2020/04/23
71,001e06118501,2020/04/26
71,001e06118501,2020/04/13
71,001e06118501,2020/04/16
71,001e06118501,2020/04/03
71,001e06118501,2020/04/06
71,001e06118501,2020/04/22
70,001e06118501,2020/04/25
71,001e06118501,2020/04/20
71,001e06118501,2020/04/12
71,001e06118501,2020/04/15
71,001e06118501,2020/04/10
20,001e06118501,2020/03/27
8,001e06118501,2020/03/31
3,001e06117fd0,2020/04/02
1,001e06117fd0,2020/04/05
1,001e06117fd0,2020/04/04
1,001e06117fd0,2020/04/07
1,001e06117fd0,2020/04/03
1,001e06117fd0,2020/04/06
27,001e061183bf,2020/04/21
61,001e061183bf,2020/04/01
24,001e061183bf,2020/04/23
71,001e061183bf,2020/03/27
71,001e061183bf,2020/03/31
43,001e061183bf,2020/03/26
71,001e061183bf,2020/03/29
71,001e061183bf,2020/03/30
71,001e061183bf,2020/03/28
29,001e0610ee36,2020/03/24
33,001e0610ee36,2020/03/23
39,001e061184a3,2019/08/27
28,001e061184a3,2019/08/31
46,001e061184a3,2019/08/26
48,001e061184a3,2019/08/29
41,001e061184a3,2019/08/16
11,001e061184a3,2019/08/30
9,001e061184a3,2019/08/25
48,001e061184a3,2019/08/28
12,001e061184a3,2019/08/15
19,001e061184a3,2019/11/01
48,001e061184a3,2019/09/02
39,001e061184a3,2019/09/21
48,001e061184a3,2019/09/19
43,001e061184a3,2019/09/14
46,001e061184a3,2019/09/17
10,001e061184a3,2019/09/01
12,001e061184a3,2019/09/13
47,001e061184a3,2019/09/16
27,001e061184a3,2019/09/03
25,001e061184a3,2019/09/22
47,001e061184a3,2019/09/20
37,001e061184a3,2019/09/12
48,001e061184a3,2019/09/15
48,001e061184a3,2019/09/18
4,001e061184a3,2019/12/05
27,001e061184a3,2019/12/11
9,001e061184a3,2019/12/14
11,001e061184a3,2019/12/07
5,001e061184a3,2019/12/16
12,001e061184a3,2019/12/15
39,001e061184a3,2019/12/10
47,001e061184a3,2019/10/02
3,001e061184a3,2019/10/05
27,001e061184a3,2019/10/01
56,001e061184a3,2019/10/04
45,001e061184a3,2019/10/03
36,001e061184a3,2019/10/06
1,001e061184a3,2019/10/25
42,001e061184a3,2020/04/02
12,001e061184a3,2020/04/05
44,001e061184a3,2020/04/01
31,001e061184a3,2020/04/04
41,001e061184a3,2020/04/03
4,001e061184a3,2020/04/06
45,001e061184a3,2020/03/31
62,001e06113a07,2020/04/02
62,001e06113a07,2020/04/05
62,001e06113a07,2020/04/01
63,001e06113a07,2020/04/04
22,001e06113a07,2020/04/07
62,001e06113a07,2020/04/03
63,001e06113a07,2020/04/06
60,001e06113a07,2020/03/27
61,001e06113a07,2020/03/31
9,001e06113a07,2020/03/26
60,001e06113a07,2020/03/29
60,001e06113a07,2020/03/30
61,001e06113a07,2020/03/28
32,001e06117b41,2019/08/05
32,001e06117b41,2019/08/08
32,001e06117b41,2019/08/21
38,001e06117b41,2019/08/24
8,001e06117b41,2019/08/27
34,001e06117b41,2019/08/11
32,001e06117b41,2019/08/14
29,001e06117b41,2019/08/17
34,001e06117b41,2019/08/09
27,001e06117b41,2019/08/04
17,001e06117b41,2019/08/07
35,001e06117b41,2019/08/23
34,001e06117b41,2019/08/26
1,001e06117b41,2019/08/29
43,001e06117b41,2019/08/13
30,001e06117b41,2019/08/16
21,001e06117b41,2019/08/03
36,001e06117b41,2019/08/06
35,001e06117b41,2019/08/22
37,001e06117b41,2019/08/25
30,001e06117b41,2019/08/12
33,001e06117b41,2019/08/15
37,001e06117b41,2019/08/10
8,001e06117b41,2019/08/18
30,001e06117b41,2019/11/02
23,001e06117b41,2019/11/05
31,001e06117b41,2019/11/08
44,001e06117b41,2019/11/11
47,001e06117b41,2019/11/01
29,001e06117b41,2019/11/09
28,001e06117b41,2019/11/04
39,001e06117b41,2019/11/07
44,001e06117b41,2019/11/13
35,001e06117b41,2019/11/03
28,001e06117b41,2019/11/06
49,001e06117b41,2019/11/12
32,001e06117b41,2019/11/10
4,001e06117b41,2019/09/05
1,001e06117b41,2019/09/08
47,001e06117b41,2019/09/21
31,001e06117b41,2019/09/24
37,001e06117b41,2019/09/27
12,001e06117b41,2019/09/11
34,001e06117b41,2019/09/19
32,001e06117b41,2019/09/14
28,001e06117b41,2019/09/17
15,001e06117b41,2019/09/09
15,001e06117b41,2019/09/04
7,001e06117b41,2019/09/23
33,001e06117b41,2019/09/26
40,001e06117b41,2019/09/29
35,001e06117b41,2019/09/13
30,001e06117b41,2019/09/16
39,001e06117b41,2019/09/30
2,001e06117b41,2019/09/06
39,001e06117b41,2019/09/22
30,001e06117b41,2019/09/25
50,001e06117b41,2019/09/20
43,001e06117b41,2019/09/28
30,001e06117b41,2019/09/12
38,001e06117b41,2019/09/15
28,001e06117b41,2019/09/18
10,001e06117b41,2019/07/24
34,001e06117b41,2019/07/27
4,001e06117b41,2019/07/23
33,001e06117b41,2019/07/26
35,001e06117b41,2019/07/29
2,001e06117b41,2019/07/30
3,001e06117b41,2019/07/22
33,001e06117b41,2019/07/25
37,001e06117b41,2019/07/28
48,001e06117b41,2019/12/19
31,001e06117b41,2019/12/14
33,001e06117b41,2019/12/17
25,001e06117b41,2019/12/13
44,001e06117b41,2019/12/16
15,001e06117b41,2019/12/20
36,001e06117b41,2019/12/15
40,001e06117b41,2019/12/18
50,001e06117b41,2019/10/02
34,001e06117b41,2019/10/05
30,001e06117b41,2019/10/08
27,001e06117b41,2019/10/21
30,001e06117b41,2019/10/24
45,001e06117b41,2019/10/27
45,001e06117b41,2019/10/11
34,001e06117b41,2019/10/19
32,001e06117b41,2019/10/14
28,001e06117b41,2019/10/17
48,001e06117b41,2019/10/31
35,001e06117b41,2019/10/01
28,001e06117b41,2019/10/09
25,001e06117b41,2019/10/04
31,001e06117b41,2019/10/07
25,001e06117b41,2019/10/23
29,001e06117b41,2019/10/26
35,001e06117b41,2019/10/29
36,001e06117b41,2019/10/13
30,001e06117b41,2019/10/16
38,001e06117b41,2019/10/30
41,001e06117b41,2019/10/03
38,001e06117b41,2019/10/06
30,001e06117b41,2019/10/22
27,001e06117b41,2019/10/25
29,001e06117b41,2019/10/20
28,001e06117b41,2019/10/28
32,001e06117b41,2019/10/12
29,001e06117b41,2019/10/15
28,001e06117b41,2019/10/10
30,001e06117b41,2019/10/18
5,001e06117b41,2020/04/04
10,001e06117b41,2020/03/24
4,001e06117b41,2020/03/23
47,001e061183f3,2019/08/21
48,001e061183f3,2019/08/24
48,001e061183f3,2019/08/27
48,001e061183f3,2019/08/19
50,001e061183f3,2019/08/14
48,001e061183f3,2019/08/17
48,001e061183f3,2019/08/31
48,001e061183f3,2019/08/23
48,001e061183f3,2019/08/26
48,001e061183f3,2019/08/29
20,001e061183f3,2019/08/13
48,001e061183f3,2019/08/16
47,001e061183f3,2019/08/30
48,001e061183f3,2019/08/22
48,001e061183f3,2019/08/25
49,001e061183f3,2019/08/20
48,001e061183f3,2019/08/28
2,001e061183f3,2019/08/12
48,001e061183f3,2019/08/15
48,001e061183f3,2019/08/18
48,001e061183f3,2019/09/02
49,001e061183f3,2019/09/05
48,001e061183f3,2019/09/21
48,001e061183f3,2019/09/24
47,001e061183f3,2019/09/27
49,001e061183f3,2019/09/11
49,001e061183f3,2019/09/19
48,001e061183f3,2019/09/14
48,001e061183f3,2019/09/17
48,001e061183f3,2019/09/01
48,001e061183f3,2019/09/04
48,001e061183f3,2019/09/07
29,001e061183f3,2019/09/23
48,001e061183f3,2019/09/26
48,001e061183f3,2019/09/29
48,001e061183f3,2019/09/13
47,001e061183f3,2019/09/16
47,001e061183f3,2019/09/30
48,001e061183f3,2019/09/03
48,001e061183f3,2019/09/06
48,001e061183f3,2019/09/22
48,001e061183f3,2019/09/25
47,001e061183f3,2019/09/20
48,001e061183f3,2019/09/28
48,001e061183f3,2019/09/12
48,001e061183f3,2019/09/15
38,001e061183f3,2019/09/10
48,001e061183f3,2019/09/18
48,001e061183f3,2019/10/02
48,001e061183f3,2019/10/05
48,001e061183f3,2019/10/01
48,001e061183f3,2019/10/04
22,001e061183f3,2019/10/07
48,001e061183f3,2019/10/03
48,001e061183f3,2019/10/06
2,001e061183f3,2020/01/26
71,001e061183f3,2020/04/02
71,001e061183f3,2020/04/05
71,001e061183f3,2020/04/08
67,001e061183f3,2020/04/21
71,001e061183f3,2020/04/11
71,001e061183f3,2020/04/19
71,001e061183f3,2020/04/14
71,001e061183f3,2020/04/17
71,001e061183f3,2020/04/01
71,001e061183f3,2020/04/09
71,001e061183f3,2020/04/04
71,001e061183f3,2020/04/07
71,001e061183f3,2020/04/23
71,001e061183f3,2020/04/13
71,001e061183f3,2020/04/16
71,001e061183f3,2020/04/03
71,001e061183f3,2020/04/06
71,001e061183f3,2020/04/22
71,001e061183f3,2020/04/20
71,001e061183f3,2020/04/12
71,001e061183f3,2020/04/15
71,001e061183f3,2020/04/10
71,001e061183f3,2020/04/18
29,001e061183f3,2020/03/27
13,001e061183f3,2020/03/31
57,001e061183f3,2020/03/29
71,001e061183f3,2020/03/28
24,001e061182a2,2020/04/21
6,001e061182a2,2020/04/23
12,001e061182a2,2020/03/27
7,001e061182a2,2020/03/31
25,001e0610ee33,2020/03/24
32,001e0610ee33,2020/03/23
13,001e0610ee33,2020/03/26
26,001e0610ee33,2020/03/25
6,001e061182a3,2020/02/14
68,001e061182a3,2020/02/13
63,001e061182a3,2020/02/12
17,001e061182a3,2020/04/21
30,001e061182ae,2020/04/05
71,001e061182ae,2020/04/08
71,001e061182ae,2020/04/21
71,001e061182ae,2020/04/24
66,001e061182ae,2020/04/27
70,001e061182ae,2020/04/11
71,001e061182ae,2020/04/19
71,001e061182ae,2020/04/14
72,001e061182ae,2020/04/17
71,001e061182ae,2020/04/09
71,001e061182ae,2020/04/07
71,001e061182ae,2020/04/23
71,001e061182ae,2020/04/26
71,001e061182ae,2020/04/13
71,001e061182ae,2020/04/16
67,001e061182ae,2020/04/06
71,001e061182ae,2020/04/22
71,001e061182ae,2020/04/25
71,001e061182ae,2020/04/20
71,001e061182ae,2020/04/12
71,001e061182ae,2020/04/15
71,001e061182ae,2020/04/10
71,001e061182ae,2020/04/18
4,001e061182c0,2020/02/26
28,001e061182c0,2020/04/21
47,001e06117a35,2020/04/01
48,001e061182a1,2019/08/02
7,001e061182a1,2019/08/05
48,001e061182a1,2019/08/08
11,001e061182a1,2019/08/11
48,001e061182a1,2019/08/14
48,001e061182a1,2019/08/17
48,001e061182a1,2019/08/01
5,001e061182a1,2019/08/09
6,001e061182a1,2019/08/04
48,001e061182a1,2019/08/07
44,001e061182a1,2019/08/13
48,001e061182a1,2019/08/16
48,001e061182a1,2019/08/03
13,001e061182a1,2019/08/06
5,001e061182a1,2019/08/12
48,001e061182a1,2019/08/15
7,001e061182a1,2019/08/10
30,001e061182a1,2019/08/18
17,001e061182a1,2019/07/24
11,001e061182a1,2019/07/27
20,001e061182a1,2019/07/31
7,001e061182a1,2019/07/23
11,001e061182a1,2019/07/26
19,001e061182a1,2019/07/29
14,001e061182a1,2019/07/30
1,001e061182a1,2019/07/22
11,001e061182a1,2019/07/25
10,001e061182a1,2019/07/28
70,001e061182e8,2020/04/02
71,001e061182e8,2020/04/05
13,001e061182e8,2020/04/08
30,001e061182e8,2020/04/11
9,001e061182e8,2020/04/01
73,001e061182e8,2020/04/09
62,001e061182e8,2020/04/04
71,001e061182e8,2020/04/03
52,001e061182e8,2020/04/06
32,001e061182e8,2020/04/10
26,001e061182e8,2020/03/27
53,001e061182e8,2020/03/31
10,001e061182e8,2020/03/26
71,001e061182e8,2020/03/29
71,001e061182e8,2020/03/30
71,001e061182e8,2020/03/28
110,001e06117b45,2020/04/05
73,001e06117b45,2020/04/08
25,001e06117b45,2020/04/21
49,001e06117b45,2020/04/24
7,001e06117b45,2020/04/27
27,001e06117b45,2020/04/11
37,001e06117b45,2020/04/19
56,001e06117b45,2020/04/14
72,001e06117b45,2020/04/17
51,001e06117b45,2020/04/01
48,001e06117b45,2020/04/04
72,001e06117b45,2020/04/07
42,001e06117b45,2020/04/23
48,001e06117b45,2020/04/26
74,001e06117b45,2020/04/13
57,001e06117b45,2020/04/16
47,001e06117b45,2020/04/03
12,001e06117b45,2020/04/06
66,001e06117b45,2020/04/22
51,001e06117b45,2020/04/25
38,001e06117b45,2020/04/20
73,001e06117b45,2020/04/12
25,001e06117b45,2020/04/15
26,001e06117b45,2020/04/10
35,001e06117b45,2020/04/18
58,001e06117b45,2020/03/27
44,001e06117b45,2020/03/31
4,001e06117b45,2020/03/26
46,001e06117b45,2020/03/29
25,001e06117b45,2020/03/30
73,001e06117b45,2020/03/28
1,001e061183f5,2019/08/19
1,001e061183f5,2019/09/05
48,001e061183f5,2019/09/21
47,001e061183f5,2019/09/24
48,001e061183f5,2019/09/27
47,001e061183f5,2019/09/19
48,001e061183f5,2019/09/23
47,001e061183f5,2019/09/26
47,001e061183f5,2019/09/22
46,001e061183f5,2019/09/25
48,001e061183f5,2019/09/20
41,001e061183f5,2019/09/28
7,001e061183f5,2019/09/18
48,001e061183f5,2019/10/21
46,001e061183f5,2019/10/24
22,001e061183f5,2019/10/27
48,001e061183f5,2019/10/19
46,001e061183f5,2019/10/14
46,001e061183f5,2019/10/17
37,001e061183f5,2019/10/31
47,001e061183f5,2019/10/23
52,001e061183f5,2019/10/26
48,001e061183f5,2019/10/29
48,001e061183f5,2019/10/13
48,001e061183f5,2019/10/16
48,001e061183f5,2019/10/30
48,001e061183f5,2019/10/22
48,001e061183f5,2019/10/25
48,001e061183f5,2019/10/20
48,001e061183f5,2019/10/28
8,001e061183f5,2019/10/12
47,001e061183f5,2019/10/15
46,001e061183f5,2019/10/18
71,001e061183f5,2020/04/02
71,001e061183f5,2020/04/05
71,001e061183f5,2020/04/08
71,001e061183f5,2020/04/21
71,001e061183f5,2020/04/24
71,001e061183f5,2020/04/11
71,001e061183f5,2020/04/14
71,001e061183f5,2020/04/17
71,001e061183f5,2020/04/01
71,001e061183f5,2020/04/09
71,001e061183f5,2020/04/04
71,001e061183f5,2020/04/07
71,001e061183f5,2020/04/23
23,001e061183f5,2020/04/26
71,001e061183f5,2020/04/13
71,001e061183f5,2020/04/16
71,001e061183f5,2020/04/03
71,001e061183f5,2020/04/06
71,001e061183f5,2020/04/22
71,001e061183f5,2020/04/25
46,001e061183f5,2020/04/20
71,001e061183f5,2020/04/12
71,001e061183f5,2020/04/15
71,001e061183f5,2020/04/10
71,001e061183f5,2020/03/27
8,001e061183f5,2020/03/31
71,001e061183f5,2020/03/26
21,001e061183f5,2020/03/25
48,001e0611536c,2019/08/31
11,001e0611536c,2019/08/29
48,001e0611536c,2019/08/30
54,001e0611536c,2019/11/02
52,001e0611536c,2019/11/05
53,001e0611536c,2019/11/08
59,001e0611536c,2019/11/21
54,001e0611536c,2019/11/24
30,001e0611536c,2019/11/27
52,001e0611536c,2019/11/11
54,001e0611536c,2019/11/19
56,001e0611536c,2019/11/14
53,001e0611536c,2019/11/17
52,001e0611536c,2019/11/01
54,001e0611536c,2019/11/09
54,001e0611536c,2019/11/04
52,001e0611536c,2019/11/07
52,001e0611536c,2019/11/23
54,001e0611536c,2019/11/26
54,001e0611536c,2019/11/13
54,001e0611536c,2019/11/16
53,001e0611536c,2019/11/03
54,001e0611536c,2019/11/06
54,001e0611536c,2019/11/22
54,001e0611536c,2019/11/25
72,001e0611536c,2019/11/20
53,001e0611536c,2019/11/12
53,001e0611536c,2019/11/15
54,001e0611536c,2019/11/10
54,001e0611536c,2019/11/18
48,001e0611536c,2019/09/02
51,001e0611536c,2019/09/05
48,001e0611536c,2019/09/08
53,001e0611536c,2019/09/21
48,001e0611536c,2019/09/24
48,001e0611536c,2019/09/27
53,001e0611536c,2019/09/11
52,001e0611536c,2019/09/19
53,001e0611536c,2019/09/14
52,001e0611536c,2019/09/17
48,001e0611536c,2019/09/01
48,001e0611536c,2019/09/09
48,001e0611536c,2019/09/04
48,001e0611536c,2019/09/07
49,001e0611536c,2019/09/23
48,001e0611536c,2019/09/26
48,001e0611536c,2019/09/29
53,001e0611536c,2019/09/13
53,001e0611536c,2019/09/16
48,001e0611536c,2019/09/30
49,001e0611536c,2019/09/03
48,001e0611536c,2019/09/06
53,001e0611536c,2019/09/22
48,001e0611536c,2019/09/25
53,001e0611536c,2019/09/20
48,001e0611536c,2019/09/28
51,001e0611536c,2019/09/12
53,001e0611536c,2019/09/15
53,001e0611536c,2019/09/10
54,001e0611536c,2019/09/18
55,001e0611536c,2019/12/02
52,001e0611536c,2019/12/05
53,001e0611536c,2019/12/08
54,001e0611536c,2019/12/11
59,001e0611536c,2019/12/19
53,001e0611536c,2019/12/14
55,001e0611536c,2019/12/17
22,001e0611536c,2019/12/01
56,001e0611536c,2019/12/09
61,001e0611536c,2019/12/04
54,001e0611536c,2019/12/07
54,001e0611536c,2019/12/13
54,001e0611536c,2019/12/16
71,001e0611536c,2019/12/03
57,001e0611536c,2019/12/06
39,001e0611536c,2019/12/20
54,001e0611536c,2019/12/12
55,001e0611536c,2019/12/15
69,001e0611536c,2019/12/10
56,001e0611536c,2019/12/18
48,001e0611536c,2019/10/02
48,001e0611536c,2019/10/05
48,001e0611536c,2019/10/08
53,001e0611536c,2019/10/21
54,001e0611536c,2019/10/24
54,001e0611536c,2019/10/27
50,001e0611536c,2019/10/11
53,001e0611536c,2019/10/19
52,001e0611536c,2019/10/14
53,001e0611536c,2019/10/17
53,001e0611536c,2019/10/31
48,001e0611536c,2019/10/01
48,001e0611536c,2019/10/09
48,001e0611536c,2019/10/04
48,001e0611536c,2019/10/07
54,001e0611536c,2019/10/23
51,001e0611536c,2019/10/26
54,001e0611536c,2019/10/29
54,001e0611536c,2019/10/13
51,001e0611536c,2019/10/16
53,001e0611536c,2019/10/30
48,001e0611536c,2019/10/03
48,001e0611536c,2019/10/06
53,001e0611536c,2019/10/22
44,001e0611536c,2019/10/25
54,001e0611536c,2019/10/20
52,001e0611536c,2019/10/28
54,001e0611536c,2019/10/12
54,001e0611536c,2019/10/15
48,001e0611536c,2019/10/10
54,001e0611536c,2019/10/18
28,001e061181b9,2020/04/05
27,001e061181b9,2020/04/08
25,001e061181b9,2020/04/21
18,001e061181b9,2020/04/24
48,001e061181b9,2020/04/11
30,001e061181b9,2020/04/19
5,001e061181b9,2020/04/14
47,001e061181b9,2020/04/17
35,001e061181b9,2020/04/09
47,001e061181b9,2020/04/04
30,001e061181b9,2020/04/07
42,001e061181b9,2020/04/23
45,001e061181b9,2020/04/13
12,001e061181b9,2020/04/16
29,001e061181b9,2020/04/03
22,001e061181b9,2020/04/06
47,001e061181b9,2020/04/22
31,001e061181b9,2020/04/12
47,001e061181b9,2020/04/15
48,001e061181b9,2020/04/10
49,001e061181b9,2020/03/27
33,001e061181b9,2020/03/26
167,001e061181b9,2020/03/29
48,001e061182a7,2019/08/21
51,001e061182a7,2019/08/14
8,001e061182a7,2019/08/13
35,001e061182a7,2019/08/22
3,001e061182a7,2019/08/20
7,001e061182a7,2019/08/15
41,001e061182a7,2019/11/02
47,001e061182a7,2019/11/05
48,001e061182a7,2019/11/08
47,001e061182a7,2019/11/11
48,001e061182a7,2019/11/01
48,001e061182a7,2019/11/09
48,001e061182a7,2019/11/04
41,001e061182a7,2019/11/07
24,001e061182a7,2019/11/29
15,001e061182a7,2019/11/30
48,001e061182a7,2019/11/03
48,001e061182a7,2019/11/06
19,001e061182a7,2019/11/28
20,001e061182a7,2019/11/12
46,001e061182a7,2019/11/10
47,001e061182a7,2019/09/29
48,001e061182a7,2019/09/30
47,001e061182a7,2019/09/28
20,001e061182a7,2019/12/02
24,001e061182a7,2019/12/05
19,001e061182a7,2019/12/08
32,001e061182a7,2019/12/11
36,001e061182a7,2019/12/14
5,001e061182a7,2019/12/01
20,001e061182a7,2019/12/09
21,001e061182a7,2019/12/04
22,001e061182a7,2019/12/07
48,001e061182a7,2019/12/13
13,001e061182a7,2019/12/16
21,001e061182a7,2019/12/03
22,001e061182a7,2019/12/06
48,001e061182a7,2019/12/12
48,001e061182a7,2019/12/15
19,001e061182a7,2019/12/10
48,001e061182a7,2019/10/02
44,001e061182a7,2019/10/05
48,001e061182a7,2019/10/08
55,001e061182a7,2019/10/21
48,001e061182a7,2019/10/24
48,001e061182a7,2019/10/27
48,001e061182a7,2019/10/11
48,001e061182a7,2019/10/19
48,001e061182a7,2019/10/14
47,001e061182a7,2019/10/17
48,001e061182a7,2019/10/31
48,001e061182a7,2019/10/01
48,001e061182a7,2019/10/09
9,001e061182a7,2019/10/04
48,001e061182a7,2019/10/07
48,001e061182a7,2019/10/23
48,001e061182a7,2019/10/26
11,001e061182a7,2019/10/29
48,001e061182a7,2019/10/13
48,001e061182a7,2019/10/16
44,001e061182a7,2019/10/30
48,001e061182a7,2019/10/03
48,001e061182a7,2019/10/06
49,001e061182a7,2019/10/22
48,001e061182a7,2019/10/25
50,001e061182a7,2019/10/20
48,001e061182a7,2019/10/28
48,001e061182a7,2019/10/12
48,001e061182a7,2019/10/15
48,001e061182a7,2019/10/10
48,001e061182a7,2019/10/18
23,001e061182a7,2020/03/21
48,001e061182a7,2020/03/24
48,001e061182a7,2020/03/23
17,001e061182a7,2020/03/22
26,001e061182a7,2020/03/25
11,001e061182bb,2020/02/10
8,001e061182bb,2020/04/02
5,001e061182bb,2020/04/21
5,001e061182bb,2020/04/09
10,001e061182bb,2020/04/07
11,001e061182bb,2020/04/23
8,001e061182bb,2020/04/03
204,001e061182bb,2020/04/10
1440,001e06107d7f,2020/02/02
1440,001e06107d7f,2020/02/05
1439,001e06107d7f,2020/02/08
1440,001e06107d7f,2020/02/21
1439,001e06107d7f,2020/02/11
1439,001e06107d7f,2020/02/19
1438,001e06107d7f,2020/02/14
1437,001e06107d7f,2020/02/17
1440,001e06107d7f,2020/02/01
1439,001e06107d7f,2020/02/09
1440,001e06107d7f,2020/02/04
1440,001e06107d7f,2020/02/07
1438,001e06107d7f,2020/02/13
1438,001e06107d7f,2020/02/16
1439,001e06107d7f,2020/02/03
1440,001e06107d7f,2020/02/06
750,001e06107d7f,2020/02/22
1438,001e06107d7f,2020/02/20
1440,001e06107d7f,2020/02/12
1440,001e06107d7f,2020/02/15
1439,001e06107d7f,2020/02/10
1440,001e06107d7f,2020/02/18
1440,001e06107d7f,2020/01/24
532,001e06107d7f,2020/01/27
1440,001e06107d7f,2020/01/31
1395,001e06107d7f,2020/01/23
203,001e06107d7f,2020/01/26
1439,001e06107d7f,2020/01/29
1439,001e06107d7f,2020/01/30
704,001e06107d7f,2020/01/25
1440,001e06107d7f,2020/01/28
1439,001e06107d7f,2020/04/02
1439,001e06107d7f,2020/04/05
1438,001e06107d7f,2020/04/08
1438,001e06107d7f,2020/04/21
1437,001e06107d7f,2020/04/24
1015,001e06107d7f,2020/04/27
1438,001e06107d7f,2020/04/11
1436,001e06107d7f,2020/04/19
1433,001e06107d7f,2020/04/14
1438,001e06107d7f,2020/04/17
1439,001e06107d7f,2020/04/01
985,001e06107d7f,2020/04/09
1439,001e06107d7f,2020/04/04
1439,001e06107d7f,2020/04/07
1440,001e06107d7f,2020/04/23
1440,001e06107d7f,2020/04/26
1439,001e06107d7f,2020/04/13
1440,001e06107d7f,2020/04/16
1440,001e06107d7f,2020/04/03
1439,001e06107d7f,2020/04/06
1433,001e06107d7f,2020/04/22
1439,001e06107d7f,2020/04/25
1432,001e06107d7f,2020/04/20
1438,001e06107d7f,2020/04/12
1431,001e06107d7f,2020/04/15
1440,001e06107d7f,2020/04/10
1439,001e06107d7f,2020/04/18
1438,001e06107d7f,2020/03/21
1439,001e06107d7f,2020/03/24
1439,001e06107d7f,2020/03/27
1440,001e06107d7f,2020/03/11
1440,001e06107d7f,2020/03/19
1440,001e06107d7f,2020/03/14
1440,001e06107d7f,2020/03/17
1440,001e06107d7f,2020/03/31
1437,001e06107d7f,2020/03/23
1439,001e06107d7f,2020/03/26
1439,001e06107d7f,2020/03/29
1438,001e06107d7f,2020/03/13
1437,001e06107d7f,2020/03/16
1438,001e06107d7f,2020/03/30
1440,001e06107d7f,2020/03/22
1440,001e06107d7f,2020/03/25
1438,001e06107d7f,2020/03/20
1440,001e06107d7f,2020/03/28
1438,001e06107d7f,2020/03/12
1439,001e06107d7f,2020/03/15
144,001e06107d7f,2020/03/10
1439,001e06107d7f,2020/03/18
9,001e061182c1,2018/01/29
450,001e061182c1,2018/01/28
36,001e061182c1,2020/04/02
8,001e061182c1,2020/04/21
25,001e061182c1,2020/04/11
62,001e061182c1,2020/04/01
14,001e061182c1,2020/04/04
25,001e061182c1,2020/04/03
24,001e061182c1,2020/04/10
63,001e061182c1,2020/03/27
36,001e061182c1,2020/03/31
10,001e061182c1,2020/03/26
40,001e061182c1,2020/03/29
99,001e061182c1,2020/03/30
22,001e061182c1,2020/03/28
