"","avgdar"
"2016-07-09 12:00:00",0
"2016-07-09 12:30:00",0
"2016-07-09 13:00:00",0
"2016-07-09 13:30:00",0
"2016-07-09 14:00:00",0
"2016-07-09 14:30:00",0
"2016-07-09 15:00:00",0
"2016-07-09 15:30:00",0
"2016-07-09 16:00:00",0
"2016-07-09 16:30:00",0
"2016-07-09 17:00:00",0
"2016-07-09 17:30:00",0
"2016-07-09 18:00:00",0
"2016-07-09 18:30:00",0
"2016-07-09 19:00:00",0
"2016-07-09 19:30:00",0
"2016-07-09 20:00:00",0
"2016-07-09 20:30:00",0
"2016-07-09 21:00:00",0
"2016-07-09 21:30:00",0
"2016-07-09 22:00:00",0
"2016-07-09 22:30:00",0
"2016-07-09 23:00:00",0
"2016-07-09 23:30:00",0
"2016-07-10 00:00:00",0
"2016-07-10 00:30:00",0
"2016-07-10 01:00:00",0
"2016-07-10 01:30:00",0
"2016-07-10 02:00:00",0
"2016-07-10 02:30:00",0
"2016-07-10 03:00:00",0
"2016-07-10 03:30:00",0
"2016-07-10 04:00:00",0
"2016-07-10 04:30:00",0
"2016-07-10 05:00:00",0
"2016-07-10 05:30:00",0
"2016-07-10 06:00:00",0
"2016-07-10 06:30:00",0
"2016-07-10 07:00:00",0
"2016-07-10 07:30:00",0
"2016-07-10 08:00:00",0
"2016-07-10 08:30:00",0
"2016-07-10 09:00:00",0
"2016-07-10 09:30:00",0
"2016-07-10 10:00:00",0
"2016-07-10 10:30:00",0
"2016-07-10 11:00:00",0
"2016-07-10 11:30:00",0
"2016-07-10 12:00:00",0
"2016-07-10 12:30:00",0
"2016-07-10 13:00:00",0
"2016-07-10 13:30:00",0
"2016-07-10 14:00:00",0
"2016-07-10 14:30:00",0
"2016-07-10 15:00:00",0
"2016-07-10 15:30:00",0
"2016-07-10 16:00:00",0
"2016-07-10 16:30:00",0
"2016-07-10 17:00:00",0
"2016-07-10 17:30:00",0
"2016-07-10 18:00:00",0
"2016-07-10 18:30:00",0
"2016-07-10 19:00:00",0
"2016-07-10 19:30:00",0
"2016-07-10 20:00:00",0
"2016-07-10 20:30:00",0
"2016-07-10 21:00:00",0
"2016-07-10 21:30:00",0
"2016-07-10 22:00:00",0
"2016-07-10 22:30:00",0
"2016-07-10 23:00:00",0
"2016-07-10 23:30:00",0
"2016-07-11 00:00:00",0
"2016-07-11 00:30:00",0
"2016-07-11 01:00:00",0
"2016-07-11 01:30:00",0
"2016-07-11 02:00:00",0
"2016-07-11 02:30:00",0
"2016-07-11 03:00:00",0
"2016-07-11 03:30:00",0
"2016-07-11 04:00:00",0
"2016-07-11 04:30:00",0
"2016-07-11 05:00:00",0
"2016-07-11 05:30:00",0
"2016-07-11 06:00:00",0
"2016-07-11 06:30:00",0
"2016-07-11 07:00:00",0
"2016-07-11 07:30:00",0
"2016-07-11 08:00:00",0
"2016-07-11 08:30:00",0
"2016-07-11 09:00:00",0
"2016-07-11 09:30:00",0
"2016-07-11 10:00:00",0
"2016-07-11 10:30:00",0
"2016-07-11 11:00:00",0
"2016-07-11 11:30:00",0
"2016-07-11 12:00:00",0
"2016-07-11 12:30:00",0
"2016-07-11 13:00:00",0
"2016-07-11 13:30:00",0
"2016-07-11 14:00:00",0
"2016-07-11 14:30:00",0
"2016-07-11 15:00:00",0
"2016-07-11 15:30:00",0
"2016-07-11 16:00:00",0
"2016-07-11 16:30:00",0
"2016-07-11 17:00:00",0
"2016-07-11 17:30:00",0
"2016-07-11 18:00:00",0
"2016-07-11 18:30:00",0
"2016-07-11 19:00:00",0
"2016-07-11 19:30:00",0
"2016-07-11 20:00:00",0
"2016-07-11 20:30:00",0
"2016-07-11 21:00:00",0
"2016-07-11 21:30:00",0
"2016-07-11 22:00:00",0
"2016-07-11 22:30:00",0
"2016-07-11 23:00:00",0
"2016-07-11 23:30:00",0
"2016-07-12 00:00:00",0
"2016-07-12 00:30:00",0
"2016-07-12 01:00:00",0
"2016-07-12 01:30:00",0
"2016-07-12 02:00:00",0
"2016-07-12 02:30:00",0
"2016-07-12 03:00:00",0
"2016-07-12 03:30:00",0
"2016-07-12 04:00:00",0
"2016-07-12 04:30:00",0
"2016-07-12 05:00:00",0
"2016-07-12 05:30:00",0
"2016-07-12 06:00:00",0
"2016-07-12 06:30:00",0
"2016-07-12 07:00:00",0
"2016-07-12 07:30:00",0
"2016-07-12 08:00:00",0
"2016-07-12 08:30:00",0
"2016-07-12 09:00:00",0
"2016-07-12 09:30:00",0
"2016-07-12 10:00:00",0
"2016-07-12 10:30:00",0
"2016-07-12 11:00:00",0
"2016-07-12 11:30:00",0
"2016-07-12 12:00:00",0
"2016-07-12 12:30:00",0
"2016-07-12 13:00:00",0
"2016-07-12 13:30:00",0
"2016-07-12 14:00:00",0
"2016-07-12 14:30:00",0
"2016-07-12 15:00:00",0
"2016-07-12 15:30:00",0
"2016-07-12 16:00:00",0
"2016-07-12 16:30:00",0
"2016-07-12 17:00:00",0
"2016-07-12 17:30:00",0
"2016-07-12 18:00:00",0
"2016-07-12 18:30:00",0
"2016-07-12 19:00:00",0
"2016-07-12 19:30:00",0
"2016-07-12 20:00:00",0
"2016-07-12 20:30:00",0
"2016-07-12 21:00:00",0
"2016-07-12 21:30:00",0
"2016-07-12 22:00:00",0
"2016-07-12 22:30:00",0
"2016-07-12 23:00:00",0
"2016-07-12 23:30:00",0
"2016-07-13 00:00:00",0
"2016-07-13 00:30:00",0
"2016-07-13 01:00:00",0
"2016-07-13 01:30:00",0
"2016-07-13 02:00:00",0
"2016-07-13 02:30:00",0
"2016-07-13 03:00:00",0
"2016-07-13 03:30:00",0
"2016-07-13 04:00:00",0
"2016-07-13 04:30:00",0
"2016-07-13 05:00:00",0
"2016-07-13 05:30:00",0
"2016-07-13 06:00:00",0
"2016-07-13 06:30:00",0
"2016-07-13 07:00:00",0
"2016-07-13 07:30:00",0
"2016-07-13 08:00:00",0
"2016-07-13 08:30:00",0
"2016-07-13 09:00:00",0
"2016-07-13 09:30:00",0
"2016-07-13 10:00:00",0
"2016-07-13 10:30:00",0
"2016-07-13 11:00:00",0
"2016-07-13 11:30:00",0
"2016-07-13 12:00:00",0
"2016-07-13 12:30:00",0
"2016-07-13 13:00:00",0
"2016-07-13 13:30:00",0
"2016-07-13 14:00:00",0
"2016-07-13 14:30:00",0
"2016-07-13 15:00:00",0
"2016-07-13 15:30:00",0
"2016-07-13 16:14:41",0.43
"2016-07-13 16:30:00",0
"2016-07-13 17:00:00",0
"2016-07-13 17:30:00",0
"2016-07-13 18:00:00",0
"2016-07-13 18:30:00",0
"2016-07-13 19:28:54",0.45
"2016-07-13 19:55:47",0.0399999999999999
"2016-07-13 20:21:46",0.05
"2016-07-13 20:39:20",0.02
"2016-07-13 21:00:00",0
"2016-07-13 21:30:00",0
"2016-07-13 22:00:00",0
"2016-07-13 22:30:00",0
"2016-07-13 23:00:00",0
"2016-07-13 23:30:00",0
"2016-07-14 00:00:00",0
"2016-07-14 00:30:00",0
"2016-07-14 01:00:00",0
"2016-07-14 01:30:00",0
"2016-07-14 02:00:00",0
"2016-07-14 02:30:00",0
"2016-07-14 03:00:00",0
"2016-07-14 03:30:00",0
"2016-07-14 04:00:00",0
"2016-07-14 04:30:00",0
"2016-07-14 05:00:00",0
"2016-07-14 05:30:00",0
"2016-07-14 06:00:00",0
"2016-07-14 06:30:00",0
"2016-07-14 07:00:00",0
"2016-07-14 07:30:00",0
"2016-07-14 08:00:00",0
"2016-07-14 08:30:00",0
"2016-07-14 09:00:00",0
"2016-07-14 09:30:00",0
"2016-07-14 10:00:00",0
"2016-07-14 10:30:00",0
"2016-07-14 11:00:00",0
"2016-07-14 11:30:00",0
"2016-07-14 12:00:00",0
"2016-07-14 12:30:00",0
"2016-07-14 13:00:00",0
"2016-07-14 13:30:00",0
"2016-07-14 14:00:00",0
"2016-07-14 14:30:00",0
"2016-07-14 15:00:00",0
"2016-07-14 15:30:00",0
"2016-07-14 16:00:00",0
"2016-07-14 16:30:00",0
"2016-07-14 17:00:00",0
"2016-07-14 17:30:00",0
"2016-07-14 18:00:00",0
"2016-07-14 18:30:00",0
"2016-07-14 19:00:00",0
"2016-07-14 19:30:00",0
"2016-07-14 20:00:00",0
"2016-07-14 20:30:00",0
"2016-07-14 21:00:00",0
"2016-07-14 21:30:00",0
"2016-07-14 22:00:00",0
"2016-07-14 22:30:00",0
"2016-07-14 23:00:00",0
"2016-07-14 23:30:00",0
"2016-07-15 00:00:00",0
"2016-07-15 00:30:00",0
"2016-07-15 01:00:00",0
"2016-07-15 01:30:00",0
"2016-07-15 02:00:00",0
"2016-07-15 02:30:00",0
"2016-07-15 03:00:00",0
"2016-07-15 03:30:00",0
"2016-07-15 04:00:00",0
"2016-07-15 04:30:00",0
"2016-07-15 05:00:00",0
"2016-07-15 05:30:00",0
"2016-07-15 06:00:00",0
"2016-07-15 06:30:00",0
"2016-07-15 07:00:00",0
"2016-07-15 07:30:00",0
"2016-07-15 08:00:00",0
"2016-07-15 08:30:00",0
"2016-07-15 09:00:00",0
"2016-07-15 09:30:00",0
"2016-07-15 10:00:00",0
"2016-07-15 10:30:00",0
"2016-07-15 11:00:00",0
"2016-07-15 11:30:00",0
"2016-07-15 12:27:48",0.04
"2016-07-15 12:30:00",0
"2016-07-15 13:00:00",0
"2016-07-15 13:30:00",0
"2016-07-15 14:00:00",0
"2016-07-15 14:30:00",0
"2016-07-15 15:00:00",0
"2016-07-15 15:30:00",0
"2016-07-15 16:00:00",0
"2016-07-15 16:30:00",0
"2016-07-15 17:00:00",0
"2016-07-15 17:30:00",0
"2016-07-15 18:00:00",0
"2016-07-15 18:30:00",0
"2016-07-15 19:00:00",0
"2016-07-15 19:30:00",0
"2016-07-15 20:00:00",0
"2016-07-15 20:30:00",0
"2016-07-15 21:00:00",0
"2016-07-15 21:30:00",0
"2016-07-15 22:00:00",0
"2016-07-15 22:30:00",0
"2016-07-15 23:00:00",0
"2016-07-15 23:30:00",0
"2016-07-16 00:00:00",0
"2016-07-16 00:30:00",0
"2016-07-16 01:00:00",0
"2016-07-16 01:30:00",0
"2016-07-16 02:00:00",0
"2016-07-16 02:30:00",0
"2016-07-16 03:00:00",0
"2016-07-16 03:30:00",0
"2016-07-16 04:00:00",0
"2016-07-16 04:30:00",0
"2016-07-16 05:00:00",0
"2016-07-16 05:30:00",0
"2016-07-16 06:00:00",0
"2016-07-16 06:30:00",0
"2016-07-16 07:00:00",0
"2016-07-16 07:30:00",0
"2016-07-16 08:00:00",0
"2016-07-16 08:30:00",0
"2016-07-16 09:00:00",0
"2016-07-16 09:30:00",0
"2016-07-16 10:00:00",0
"2016-07-16 10:30:00",0
"2016-07-16 11:00:00",0
"2016-07-16 11:30:00",0
"2016-07-16 12:00:00",0
"2016-07-16 12:30:00",0
"2016-07-16 13:00:00",0
"2016-07-16 13:30:00",0
"2016-07-16 14:00:00",0
"2016-07-16 14:30:00",0
"2016-07-16 15:00:00",0
"2016-07-16 15:30:00",0
"2016-07-16 16:00:00",0
"2016-07-16 16:30:00",0
"2016-07-16 17:00:00",0
"2016-07-16 17:30:00",0
"2016-07-16 18:00:00",0
"2016-07-16 18:30:00",0
"2016-07-16 19:00:00",0
"2016-07-16 19:30:00",0
"2016-07-16 20:00:00",0
"2016-07-16 20:30:00",0
"2016-07-16 21:00:00",0
"2016-07-16 21:30:00",0
"2016-07-16 22:00:00",0
"2016-07-16 22:30:00",0
"2016-07-16 23:00:00",0
"2016-07-16 23:30:00",0
"2016-07-17 00:00:00",0
"2016-07-17 00:30:00",0
"2016-07-17 01:00:00",0
"2016-07-17 01:30:00",0
"2016-07-17 02:00:00",0
"2016-07-17 02:30:00",0
"2016-07-17 03:00:00",0
"2016-07-17 03:30:00",0
"2016-07-17 04:00:00",0
"2016-07-17 04:30:00",0
"2016-07-17 05:00:00",0
"2016-07-17 05:30:00",0
"2016-07-17 06:00:00",0
"2016-07-17 06:30:00",0
"2016-07-17 07:00:00",0
"2016-07-17 07:30:00",0
"2016-07-17 08:00:00",0
"2016-07-17 08:30:00",0
"2016-07-17 09:29:46",0.12
"2016-07-17 09:50:44",0.04
"2016-07-17 10:00:00",0
"2016-07-17 10:30:00",0
"2016-07-17 11:00:00",0
"2016-07-17 11:30:00",0
"2016-07-17 12:00:00",0
"2016-07-17 12:30:00",0
"2016-07-17 13:00:00",0
"2016-07-17 13:30:00",0
"2016-07-17 14:00:00",0
"2016-07-17 14:30:00",0
"2016-07-17 15:00:00",0
"2016-07-17 15:30:00",0
"2016-07-17 16:00:00",0
"2016-07-17 16:30:00",0
"2016-07-17 17:00:00",0
"2016-07-17 17:30:00",0
"2016-07-17 18:00:00",0
"2016-07-17 18:30:00",0
"2016-07-17 19:00:00",0
"2016-07-17 19:30:00",0
"2016-07-17 20:00:00",0
"2016-07-17 20:30:00",0
"2016-07-17 21:00:00",0
"2016-07-17 21:30:00",0
"2016-07-17 22:29:28",0.19
"2016-07-17 22:53:14",0.3
"2016-07-17 23:00:00",0
"2016-07-17 23:30:00",0
"2016-07-18 00:00:00",0
"2016-07-18 00:49:23",0.27
"2016-07-18 01:20:09",0.02
"2016-07-18 01:30:00",0
"2016-07-18 02:00:00",0
"2016-07-18 02:30:00",0
"2016-07-18 03:00:00",0
"2016-07-18 03:30:00",0
"2016-07-18 04:00:00",0
"2016-07-18 04:30:00",0
"2016-07-18 05:00:00",0
"2016-07-18 05:30:00",0
"2016-07-18 06:00:00",0
"2016-07-18 06:30:00",0
"2016-07-18 07:00:00",0
"2016-07-18 07:30:00",0
"2016-07-18 08:00:00",0
"2016-07-18 08:30:00",0
"2016-07-18 09:00:00",0
"2016-07-18 09:30:00",0
"2016-07-18 10:00:00",0
"2016-07-18 10:30:00",0
"2016-07-18 11:00:00",0
"2016-07-18 11:30:00",0
"2016-07-18 12:00:00",0
"2016-07-18 12:30:00",0
"2016-07-18 13:00:00",0
"2016-07-18 13:30:00",0
"2016-07-18 14:00:00",0
"2016-07-18 14:30:00",0
"2016-07-18 15:00:00",0
"2016-07-18 15:30:00",0
"2016-07-18 16:00:00",0
"2016-07-18 16:30:00",0
"2016-07-18 17:00:00",0
"2016-07-18 17:30:00",0
"2016-07-18 18:00:00",0
"2016-07-18 18:30:00",0
"2016-07-18 19:00:00",0
"2016-07-18 19:30:00",0
"2016-07-18 20:00:00",0
"2016-07-18 20:30:00",0
"2016-07-18 21:00:00",0
"2016-07-18 21:30:00",0
"2016-07-18 22:00:00",0
"2016-07-18 22:30:00",0
"2016-07-18 23:00:00",0
"2016-07-18 23:30:00",0
"2016-07-19 00:00:00",0
"2016-07-19 00:30:00",0
"2016-07-19 01:00:00",0
"2016-07-19 01:30:00",0
"2016-07-19 02:00:00",0
"2016-07-19 02:30:00",0
"2016-07-19 03:00:00",0
"2016-07-19 03:30:00",0
"2016-07-19 04:00:00",0
"2016-07-19 04:30:00",0
"2016-07-19 05:00:00",0
"2016-07-19 05:30:00",0
"2016-07-19 06:00:00",0
"2016-07-19 06:30:00",0
"2016-07-19 07:00:00",0
"2016-07-19 07:30:00",0
"2016-07-19 08:00:00",0
"2016-07-19 08:30:00",0
"2016-07-19 09:00:00",0
"2016-07-19 09:30:00",0
"2016-07-19 10:00:00",0
"2016-07-19 10:30:00",0
"2016-07-19 11:00:00",0
"2016-07-19 11:30:00",0
"2016-07-19 12:00:00",0
"2016-07-19 12:30:00",0
"2016-07-19 13:00:00",0
"2016-07-19 13:30:00",0
"2016-07-19 14:00:00",0
"2016-07-19 14:30:00",0
"2016-07-19 15:00:00",0
"2016-07-19 15:30:00",0
"2016-07-19 16:00:00",0
"2016-07-19 16:30:00",0
"2016-07-19 17:00:00",0
"2016-07-19 17:30:00",0
"2016-07-19 18:00:00",0
"2016-07-19 18:30:00",0
"2016-07-19 19:00:00",0
"2016-07-19 19:30:00",0
"2016-07-19 20:00:00",0
"2016-07-19 20:30:00",0
"2016-07-19 21:00:00",0
"2016-07-19 21:30:00",0
"2016-07-19 22:00:00",0
"2016-07-19 22:30:00",0
"2016-07-19 23:00:00",0
"2016-07-19 23:30:00",0
"2016-07-20 00:00:00",0
"2016-07-20 00:30:00",0
"2016-07-20 01:00:00",0
"2016-07-20 01:30:00",0
"2016-07-20 02:00:00",0
"2016-07-20 02:30:00",0
"2016-07-20 03:00:00",0
"2016-07-20 03:30:00",0
"2016-07-20 04:00:00",0
"2016-07-20 04:30:00",0
"2016-07-20 05:00:00",0
"2016-07-20 05:30:00",0
"2016-07-20 06:00:00",0
"2016-07-20 06:30:00",0
"2016-07-20 07:00:00",0
"2016-07-20 07:30:00",0
"2016-07-20 08:00:00",0
"2016-07-20 08:30:00",0
"2016-07-20 09:00:00",0
"2016-07-20 09:30:00",0
"2016-07-20 10:00:00",0
"2016-07-20 10:30:00",0
"2016-07-20 11:00:00",0
"2016-07-20 11:30:00",0
"2016-07-20 12:00:00",0
"2016-07-20 12:30:00",0
"2016-07-20 13:00:00",0
"2016-07-20 13:30:00",0
"2016-07-20 14:00:00",0
"2016-07-20 14:30:00",0
"2016-07-20 15:00:00",0
"2016-07-20 15:30:00",0
"2016-07-20 16:00:00",0
"2016-07-20 16:30:00",0
"2016-07-20 17:00:00",0
"2016-07-20 17:30:00",0
"2016-07-20 18:00:00",0
"2016-07-20 18:30:00",0
"2016-07-20 19:00:00",0
"2016-07-20 19:30:00",0
"2016-07-20 20:00:00",0
"2016-07-20 20:30:00",0
"2016-07-20 21:00:00",0
"2016-07-20 21:30:00",0
"2016-07-20 22:00:00",0
"2016-07-20 22:30:00",0
"2016-07-20 23:00:00",0
"2016-07-20 23:30:00",0
"2016-07-21 00:00:00",0
"2016-07-21 00:30:00",0
"2016-07-21 01:00:00",0
"2016-07-21 01:30:00",0
"2016-07-21 02:00:00",0
"2016-07-21 02:30:00",0
"2016-07-21 03:00:00",0
"2016-07-21 03:30:00",0
"2016-07-21 04:00:00",0
"2016-07-21 04:30:00",0
"2016-07-21 05:00:00",0
"2016-07-21 05:30:00",0
"2016-07-21 06:00:00",0
"2016-07-21 06:30:00",0
"2016-07-21 07:00:00",0
"2016-07-21 07:30:00",0
"2016-07-21 08:00:00",0
"2016-07-21 08:30:00",0
"2016-07-21 09:00:00",0
"2016-07-21 09:30:00",0
"2016-07-21 10:00:00",0
"2016-07-21 10:30:00",0
"2016-07-21 11:00:00",0
"2016-07-21 11:30:00",0
"2016-07-21 12:00:00",0
"2016-07-21 12:46:01",0.0700000000000003
"2016-07-21 13:00:00",0
"2016-07-21 13:30:00",0
"2016-07-21 14:00:00",0
"2016-07-21 14:30:00",0
"2016-07-21 15:00:00",0
"2016-07-21 15:30:00",0
"2016-07-21 16:00:00",0
"2016-07-21 16:30:00",0
"2016-07-21 17:00:00",0
"2016-07-21 17:30:00",0
"2016-07-21 18:00:00",0
"2016-07-21 18:30:00",0
"2016-07-21 19:00:00",0
"2016-07-21 19:30:00",0
"2016-07-21 20:00:00",0
"2016-07-21 20:30:00",0
"2016-07-21 21:00:00",0
"2016-07-21 21:59:42",0.02
"2016-07-21 22:22:54",0.47
"2016-07-21 22:55:48",0.00999999999999979
"2016-07-21 23:27:38",0.0499999999999998
"2016-07-21 23:55:40",0.0700000000000003
"2016-07-22 00:22:04",0.02
"2016-07-22 00:38:32",0
"2016-07-22 01:00:00",0
"2016-07-22 01:30:00",0
"2016-07-22 02:00:00",0
"2016-07-22 02:30:00",0
"2016-07-22 03:00:00",0
"2016-07-22 03:30:00",0
"2016-07-22 04:00:00",0
"2016-07-22 04:30:00",0
"2016-07-22 05:00:00",0
"2016-07-22 05:30:00",0
"2016-07-22 06:00:00",0
"2016-07-22 06:30:00",0
"2016-07-22 07:00:00",0
"2016-07-22 07:30:00",0
"2016-07-22 08:00:00",0
"2016-07-22 08:30:00",0
"2016-07-22 09:00:00",0
"2016-07-22 09:30:00",0
"2016-07-22 10:00:00",0
"2016-07-22 10:30:00",0
"2016-07-22 11:00:00",0
"2016-07-22 11:30:00",0
"2016-07-22 12:00:00",0
"2016-07-22 12:30:00",0
"2016-07-22 13:00:00",0
"2016-07-22 13:30:00",0
"2016-07-22 14:00:00",0
"2016-07-22 14:30:00",0
"2016-07-22 15:00:00",0
"2016-07-22 15:30:00",0
"2016-07-22 16:00:00",0
"2016-07-22 16:30:00",0
"2016-07-22 17:00:00",0
"2016-07-22 17:30:00",0
"2016-07-22 18:00:00",0
"2016-07-22 18:30:00",0
"2016-07-22 19:00:00",0
"2016-07-22 19:30:00",0
"2016-07-22 20:00:00",0
"2016-07-22 20:30:00",0
"2016-07-22 21:00:00",0
"2016-07-22 21:30:00",0
"2016-07-22 22:00:00",0
"2016-07-22 22:30:00",0
"2016-07-22 23:00:00",0
"2016-07-22 23:30:00",0
"2016-07-23 00:00:00",0
"2016-07-23 00:30:00",0
"2016-07-23 01:00:00",0
"2016-07-23 01:30:00",0
"2016-07-23 02:00:00",0
"2016-07-23 02:30:00",0
"2016-07-23 03:00:00",0
"2016-07-23 03:30:00",0
"2016-07-23 04:00:00",0
"2016-07-23 04:30:00",0
"2016-07-23 05:00:00",0
"2016-07-23 05:30:00",0
"2016-07-23 06:00:00",0
"2016-07-23 06:30:00",0
"2016-07-23 07:00:00",0
"2016-07-23 07:30:00",0
"2016-07-23 08:00:00",0
"2016-07-23 08:30:00",0
"2016-07-23 09:00:00",0
"2016-07-23 09:30:00",0
"2016-07-23 10:00:00",0
"2016-07-23 10:30:00",0
"2016-07-23 11:00:00",0
"2016-07-23 11:30:00",0
"2016-07-23 12:00:00",0
"2016-07-23 12:30:00",0
"2016-07-23 13:00:00",0
"2016-07-23 13:30:00",0
"2016-07-23 14:00:00",0
"2016-07-23 14:30:00",0
"2016-07-23 15:00:00",0
"2016-07-23 15:30:00",0
"2016-07-23 16:00:00",0
"2016-07-23 16:30:00",0
"2016-07-23 17:00:00",0
"2016-07-23 17:30:00",0
"2016-07-23 18:00:00",0
"2016-07-23 18:30:00",0
"2016-07-23 19:00:00",0
"2016-07-23 19:49:18",0
"2016-07-23 20:13:44",0
"2016-07-23 20:30:00",0
"2016-07-23 21:00:00",0
"2016-07-23 21:30:00",0
"2016-07-23 22:23:57",0
"2016-07-23 22:59:33",0.6
"2016-07-23 23:28:25",0.12
"2016-07-23 23:51:00",0.02
"2016-07-24 00:29:56",0.11
"2016-07-24 00:58:28",0.1
"2016-07-24 01:29:46",0.0699999999999998
"2016-07-24 01:42:49",0.00999999999999979
"2016-07-24 02:15:54",0
"2016-07-24 02:30:00",0
"2016-07-24 03:00:00",0
"2016-07-24 03:30:00",0
"2016-07-24 04:00:00",0
"2016-07-24 04:30:00",0
"2016-07-24 05:00:00",0
"2016-07-24 05:30:00",0
"2016-07-24 06:00:00",0
"2016-07-24 06:30:00",0
"2016-07-24 07:00:00",0
"2016-07-24 07:30:00",0
"2016-07-24 08:00:00",0
"2016-07-24 08:30:00",0
"2016-07-24 09:00:00",0
"2016-07-24 09:30:00",0
"2016-07-24 10:00:00",0
"2016-07-24 10:30:00",0
"2016-07-24 11:00:00",0
"2016-07-24 11:30:00",0
"2016-07-24 12:00:00",0
"2016-07-24 12:30:00",0
"2016-07-24 13:00:00",0
"2016-07-24 13:30:00",0
"2016-07-24 14:00:00",0
"2016-07-24 14:30:00",0
"2016-07-24 15:00:00",0
"2016-07-24 15:30:00",0
"2016-07-24 16:00:00",0
"2016-07-24 16:30:00",0
"2016-07-24 17:00:00",0
"2016-07-24 17:30:00",0
"2016-07-24 18:00:00",0
"2016-07-24 18:30:00",0
"2016-07-24 19:00:00",0
"2016-07-24 19:49:06",0.19
"2016-07-24 20:00:00",0
"2016-07-24 20:30:00",0
"2016-07-24 21:00:00",0
"2016-07-24 21:30:00",0
"2016-07-24 22:00:00",0
"2016-07-24 22:30:00",0
"2016-07-24 23:00:00",0
"2016-07-24 23:30:00",0
"2016-07-25 00:00:00",0
"2016-07-25 00:30:00",0
"2016-07-25 01:00:00",0
"2016-07-25 01:30:00",0
"2016-07-25 02:00:00",0
"2016-07-25 02:30:00",0
"2016-07-25 03:00:00",0
"2016-07-25 03:30:00",0
"2016-07-25 04:00:00",0
"2016-07-25 04:30:00",0
"2016-07-25 05:00:00",0
"2016-07-25 05:30:00",0
"2016-07-25 06:00:00",0
"2016-07-25 06:30:00",0
"2016-07-25 07:00:00",0
"2016-07-25 07:30:00",0
"2016-07-25 08:00:00",0
"2016-07-25 08:30:00",0
"2016-07-25 09:00:00",0
"2016-07-25 09:30:00",0
"2016-07-25 10:00:00",0
"2016-07-25 10:30:00",0
"2016-07-25 11:00:00",0
"2016-07-25 11:30:00",0
"2016-07-25 12:00:00",0
"2016-07-25 12:30:00",0
"2016-07-25 13:00:00",0
"2016-07-25 13:30:00",0
"2016-07-25 14:00:00",0
"2016-07-25 14:30:00",0
"2016-07-25 15:00:00",0
"2016-07-25 15:30:00",0
"2016-07-25 16:00:00",0
"2016-07-25 16:30:00",0
"2016-07-25 17:00:00",0
"2016-07-25 17:30:00",0
"2016-07-25 18:00:00",0
"2016-07-25 18:30:00",0
"2016-07-25 19:00:00",0
"2016-07-25 19:30:00",0
"2016-07-25 20:00:00",0
"2016-07-25 20:30:00",0
"2016-07-25 21:00:00",0
"2016-07-25 21:30:00",0
"2016-07-25 22:00:00",0
"2016-07-25 22:30:00",0
"2016-07-25 23:00:00",0
"2016-07-25 23:30:00",0
"2016-07-26 00:00:00",0
"2016-07-26 00:30:00",0
"2016-07-26 01:00:00",0
"2016-07-26 01:30:00",0
"2016-07-26 02:00:00",0
"2016-07-26 02:30:00",0
"2016-07-26 03:00:00",0
"2016-07-26 03:30:00",0
"2016-07-26 04:00:00",0
"2016-07-26 04:30:00",0
"2016-07-26 05:00:00",0
"2016-07-26 05:30:00",0
"2016-07-26 06:00:00",0
"2016-07-26 06:30:00",0
"2016-07-26 07:00:00",0
"2016-07-26 07:30:00",0
"2016-07-26 08:00:00",0
"2016-07-26 08:30:00",0
"2016-07-26 09:00:00",0
"2016-07-26 09:30:00",0
"2016-07-26 10:00:00",0
"2016-07-26 10:30:00",0
"2016-07-26 11:00:00",0
"2016-07-26 11:30:00",0
"2016-07-26 12:00:00",0
"2016-07-26 12:30:00",0
"2016-07-26 13:00:00",0
"2016-07-26 13:30:00",0
"2016-07-26 14:00:00",0
"2016-07-26 14:30:00",0
"2016-07-26 15:00:00",0
"2016-07-26 15:30:00",0
"2016-07-26 16:00:00",0
"2016-07-26 16:30:00",0
"2016-07-26 17:00:00",0
"2016-07-26 17:30:00",0
"2016-07-26 18:00:00",0
"2016-07-26 18:30:00",0
"2016-07-26 19:00:00",0
"2016-07-26 19:30:00",0
"2016-07-26 20:00:00",0
"2016-07-26 20:30:00",0
"2016-07-26 21:00:00",0
"2016-07-26 21:30:00",0
"2016-07-26 22:00:00",0
"2016-07-26 22:30:00",0
"2016-07-26 23:00:00",0
"2016-07-26 23:30:00",0
"2016-07-27 00:00:00",0
"2016-07-27 00:30:00",0
"2016-07-27 01:00:00",0
"2016-07-27 01:30:00",0
"2016-07-27 02:00:00",0
"2016-07-27 02:30:00",0
"2016-07-27 03:00:00",0
"2016-07-27 03:30:00",0
"2016-07-27 04:00:00",0
"2016-07-27 04:30:00",0
"2016-07-27 05:00:00",0
"2016-07-27 05:30:00",0
"2016-07-27 06:00:00",0
"2016-07-27 06:30:00",0
"2016-07-27 07:00:00",0
"2016-07-27 07:30:00",0
"2016-07-27 08:00:00",0
"2016-07-27 08:30:00",0
"2016-07-27 09:00:00",0
"2016-07-27 09:30:00",0
"2016-07-27 10:00:00",0
"2016-07-27 10:30:00",0
"2016-07-27 11:00:00",0
"2016-07-27 11:30:00",0
"2016-07-27 12:00:00",0
"2016-07-27 12:30:00",0
"2016-07-27 13:00:00",0
"2016-07-27 13:30:00",0
"2016-07-27 14:00:00",0
"2016-07-27 14:30:00",0
"2016-07-27 15:00:00",0
"2016-07-27 15:30:00",0
"2016-07-27 16:00:00",0
"2016-07-27 16:30:00",0
"2016-07-27 17:00:00",0
"2016-07-27 17:30:00",0
"2016-07-27 18:00:00",0
"2016-07-27 18:30:00",0
"2016-07-27 19:00:00",0
"2016-07-27 19:30:00",0
"2016-07-27 20:00:00",0
"2016-07-27 20:30:00",0
"2016-07-27 21:00:00",0
"2016-07-27 21:30:00",0
"2016-07-27 22:00:00",0
"2016-07-27 22:30:00",0
"2016-07-27 23:00:00",0
"2016-07-27 23:30:00",0
"2016-07-28 00:00:00",0
"2016-07-28 00:30:00",0
"2016-07-28 01:00:00",0
"2016-07-28 01:30:00",0
"2016-07-28 02:00:00",0
"2016-07-28 02:30:00",0
"2016-07-28 03:00:00",0
"2016-07-28 03:30:00",0
"2016-07-28 04:00:00",0
"2016-07-28 04:30:00",0
"2016-07-28 05:00:00",0
"2016-07-28 05:30:00",0
"2016-07-28 06:00:00",0
"2016-07-28 06:30:00",0
"2016-07-28 07:00:00",0
"2016-07-28 07:30:00",0
"2016-07-28 08:00:00",0
"2016-07-28 08:30:00",0
"2016-07-28 09:00:00",0
"2016-07-28 09:30:00",0
"2016-07-28 10:00:00",0
"2016-07-28 10:30:00",0
"2016-07-28 11:00:00",0
"2016-07-28 11:30:00",0
"2016-07-28 12:00:00",0
"2016-07-28 12:30:00",0
"2016-07-28 13:00:00",0
"2016-07-28 13:30:00",0
"2016-07-28 14:00:00",0
"2016-07-28 14:30:00",0
"2016-07-28 15:00:00",0
"2016-07-28 15:59:40",0.15
"2016-07-28 16:27:31",0.0899999999999999
"2016-07-28 16:30:00",0
"2016-07-28 17:21:59",0
"2016-07-28 17:33:08",0
"2016-07-28 18:00:00",0
"2016-07-28 18:30:00",0
"2016-07-28 19:00:00",0
"2016-07-28 19:30:00",0
"2016-07-28 20:00:00",0
"2016-07-28 20:30:00",0
"2016-07-28 21:00:00",0
"2016-07-28 21:30:00",0
"2016-07-28 22:00:00",0
"2016-07-28 22:30:00",0
"2016-07-28 23:00:00",0
"2016-07-28 23:30:00",0
"2016-07-29 00:00:00",0
"2016-07-29 00:30:00",0
"2016-07-29 01:00:00",0
"2016-07-29 01:30:00",0
"2016-07-29 02:00:00",0
"2016-07-29 02:30:00",0
"2016-07-29 03:00:00",0
"2016-07-29 03:30:00",0
"2016-07-29 04:00:00",0
"2016-07-29 04:30:00",0
"2016-07-29 05:00:00",0
"2016-07-29 05:30:00",0
"2016-07-29 06:00:00",0
"2016-07-29 06:30:00",0
"2016-07-29 07:00:00",0
"2016-07-29 07:30:00",0
"2016-07-29 08:00:00",0
"2016-07-29 08:30:00",0
"2016-07-29 09:00:00",0
"2016-07-29 09:30:00",0
"2016-07-29 10:00:00",0
"2016-07-29 10:30:00",0
"2016-07-29 11:00:00",0
"2016-07-29 11:58:52",0
"2016-07-29 12:00:00",0
"2016-07-29 12:39:05",0
"2016-07-29 13:27:54",0.0500000000000007
"2016-07-29 13:58:54",0.11
"2016-07-29 14:16:44",0.19
"2016-07-29 14:30:00",0
"2016-07-29 15:00:00",0
"2016-07-29 15:59:18",0.04
"2016-07-29 16:04:47",0.0199999999999996
"2016-07-29 16:30:00",0
"2016-07-29 17:24:43",0
"2016-07-29 17:58:12",0.00999999999999979
"2016-07-29 18:00:00",0
"2016-07-29 18:30:00",0
"2016-07-29 19:00:00",0
"2016-07-29 19:30:00",0
"2016-07-29 20:00:00",0
"2016-07-29 20:30:00",0
"2016-07-29 21:00:00",0
"2016-07-29 21:30:00",0
"2016-07-29 22:00:00",0
"2016-07-29 22:30:00",0
"2016-07-29 23:00:00",0
"2016-07-29 23:30:00",0
"2016-07-30 00:00:00",0
